crop,gross_price,distance_km,perishability,days_in_storage,net_earning,premium_pct,action
Onions,1754.09,11.5,4,10,1254.01,-20.3,0
Tomatoes,2832.41,103.5,8,9,1312.09,-8.6,2
Potatoes,1956.9,122.0,4,29,416.1,26.3,2
Tomatoes,2395.26,29.0,9,2,1938.63,-22.7,0
Tomatoes,2216.25,102.8,8,10,888.85,-28.5,2
Mustard,5841.26,97.3,1,15,4810.79,7.2,1
Potatoes,1509.54,80.8,5,25,278.94,-2.6,2
Potatoes,1273.05,36.0,5,22,350.74,-17.9,1
Potatoes,1629.22,136.6,5,28,157.11,5.1,2
Tomatoes,3107.12,74.2,8,9,1539.89,0.2,2
Onions,2348.45,71.4,6,0,1980.18,6.7,1
Potatoes,1627.61,118.7,3,9,889.04,5.0,0
Tomatoes,2917.74,11.7,9,10,1283.03,-5.9,2
Mustard,5756.47,67.2,3,21,3320.82,5.6,1
Onions,2105.4,101.1,6,11,971.44,-4.3,1
Mustard,5026.51,149.0,3,33,1727.72,-7.8,2
Onions,2574.78,58.9,4,6,1933.05,17.0,0
Tomatoes,2876.64,88.7,8,6,1723.01,-7.2,2
Wheat,1737.16,41.4,2,44,715.61,-23.6,2
Onions,2435.65,32.8,5,0,2190.14,10.7,1
Mustard,4924.2,126.8,3,9,3565.79,-9.6,0
Tomatoes,3377.54,103.5,9,1,2690.65,9.0,1
Onions,1718.35,86.7,4,10,983.31,-21.9,0
Wheat,2067.07,134.6,1,6,1368.91,-9.1,0
Wheat,2240.18,65.8,2,4,1808.11,-1.5,0
Potatoes,1831.07,42.0,3,28,796.3,18.1,2
Potatoes,1552.07,35.0,5,13,799.73,0.1,1
Mustard,5914.11,11.9,3,39,1705.88,8.5,2
Onions,2216.68,56.1,4,23,860.11,0.8,2
Onions,2545.94,47.1,4,23,1022.82,15.7,2
Potatoes,2000.57,84.3,5,29,237.18,29.1,2
Onions,2426.45,109.9,5,4,1657.37,10.3,0
Onions,2462.68,6.5,6,5,1947.03,11.9,1
Wheat,2230.63,50.0,2,27,1325.65,-2.0,1
Potatoes,1229.0,128.0,5,8,477.6,-20.7,0
Tomatoes,2847.95,44.4,8,10,1347.42,-8.1,2
Potatoes,1821.51,122.0,5,14,716.93,17.5,1
Tomatoes,2460.12,84.0,10,6,1301.07,-20.6,2
Wheat,2430.2,118.2,1,33,1483.46,6.8,2
Mustard,5518.87,92.2,1,16,4514.21,1.3,0
Onions,2388.25,86.2,4,20,1015.34,8.6,2
Wheat,2537.12,70.1,1,40,1649.9,11.5,2
Onions,2260.74,71.9,6,6,1483.31,2.8,0
Mustard,5775.52,9.5,2,16,4527.23,6.0,0
Mustard,4833.89,35.9,1,12,4196.24,-11.3,0
Wheat,2398.95,102.3,1,11,1765.84,5.4,0
Mustard,5747.04,60.2,1,16,4846.52,5.5,1
Tomatoes,2901.08,8.7,9,0,2790.86,-6.4,0
Mustard,4457.31,145.7,2,32,2286.91,-18.2,2
Onions,2105.74,84.2,6,5,1381.47,-4.3,0
Onions,2384.49,78.2,6,20,555.77,8.4,2
Onions,2311.14,143.1,5,2,1523.71,5.1,0
Onions,2478.29,122.3,6,9,1269.78,12.6,0
Tomatoes,3655.61,77.7,9,2,2883.7,17.9,1
Potatoes,1299.74,140.6,4,23,287.19,-16.1,2
Wheat,2461.2,46.7,1,11,2056.51,8.2,0
Onions,2521.49,95.1,6,11,1234.04,14.6,1
Mustard,4882.04,46.4,2,32,2818.57,-10.4,2
Onions,2158.84,53.2,6,21,457.81,-1.9,2
Mustard,5091.42,102.4,1,19,4012.51,-6.6,1
Mustard,5179.59,65.7,2,22,3518.34,-5.0,1
Onions,2268.71,137.6,5,9,1171.02,3.1,1
Tomatoes,3663.06,31.0,8,9,1933.36,18.2,2
Mustard,5048.86,80.4,1,26,3870.65,-7.4,1
Mustard,5935.76,79.9,3,9,4573.38,8.9,0
Onions,2560.31,25.9,5,21,870.87,16.4,2
Mustard,5373.72,139.2,3,28,2301.36,-1.4,1
Mustard,4977.1,18.4,3,19,3136.79,-8.7,1
Onions,2466.02,107.0,4,1,1888.75,12.1,0
Onions,1670.38,81.2,5,8,966.4,-24.1,0
Wheat,2238.45,30.2,2,28,1336.29,-1.6,1
Tomatoes,2725.4,141.2,10,5,1424.84,-12.1,1
Tomatoes,2585.72,12.3,9,8,1397.4,-16.6,2
Mustard,6457.67,141.2,1,35,4497.56,18.5,2
Tomatoes,3340.42,112.2,8,9,1572.63,7.8,2
Mustard,4719.04,134.1,3,34,1560.23,-13.4,2
Wheat,2289.75,129.9,1,27,1390.58,0.6,1
Onions,2555.52,38.2,6,23,391.34,16.2,2
Onions,2355.0,106.6,4,9,1433.31,7.0,0
Onions,1902.08,7.0,6,19,575.76,-13.5,2
Tomatoes,3008.37,16.2,8,4,2303.61,-3.0,2
Wheat,2465.49,102.6,2,32,1203.96,8.4,2
Tomatoes,3050.13,133.3,10,9,1099.07,-1.6,2
Tomatoes,2204.47,94.4,9,2,1548.14,-28.9,0
Wheat,2224.48,80.6,2,26,1250.3,-2.2,1
Wheat,2105.86,83.1,2,42,838.14,-7.4,2
Wheat,2577.2,134.8,2,32,1182.14,13.3,2
Wheat,2450.04,97.5,1,42,1467.79,7.7,2
Onions,2073.53,140.8,5,10,978.92,-5.7,0
Potatoes,1220.13,13.1,4,6,956.26,-21.3,0
Potatoes,1875.36,115.8,5,0,1316.75,21.0,0
Wheat,1997.02,28.3,2,20,1358.33,-12.2,1
Potatoes,1575.24,101.3,4,27,382.94,1.6,2
Potatoes,1580.67,46.9,5,3,1217.59,2.0,0
Wheat,1689.47,79.7,2,26,892.36,-25.7,1
Potatoes,1649.11,49.6,3,12,1092.06,6.4,0
Tomatoes,2575.43,96.7,8,3,1787.99,-16.9,2
Mustard,4939.53,136.0,1,20,3721.29,-9.4,1
Mustard,6396.72,55.6,1,34,4790.79,17.4,2
Wheat,2303.99,72.0,2,22,1423.36,1.3,1
Onions,1587.09,47.9,6,21,326.91,-27.9,2
Wheat,1984.06,67.3,2,22,1208.17,-12.8,1
Onions,2021.46,82.1,4,1,1572.9,-8.1,0
Mustard,6079.96,65.1,2,16,4577.65,11.6,0
Wheat,2580.45,22.6,1,13,2206.57,13.4,0
Tomatoes,3782.22,40.6,9,10,1620.98,22.0,2
Potatoes,1739.98,39.0,4,30,411.93,12.3,2
Onions,2751.35,83.4,5,0,2321.02,25.1,2
Potatoes,1059.75,29.9,5,9,627.18,-31.6,0
Potatoes,1550.63,82.2,4,28,377.11,0.0,2
Wheat,2277.78,68.7,1,28,1600.0,0.1,1
Potatoes,1623.99,103.4,4,16,693.75,4.8,1
Tomatoes,3482.3,117.6,10,4,2191.43,12.3,2
Potatoes,1609.56,133.4,5,14,566.7,3.8,1
Wheat,2351.61,6.4,2,15,1858.27,3.4,0
Tomatoes,3754.21,127.3,8,5,2360.77,21.1,2
Mustard,6320.97,82.1,3,40,1631.03,16.0,2
Potatoes,1558.16,6.9,5,2,1396.46,0.5,1
Wheat,2030.11,7.2,1,39,1490.87,-10.8,2
Mustard,5009.83,31.3,2,11,4098.55,-8.1,0
Mustard,5426.07,84.1,3,27,2538.7,-0.4,1
Onions,2293.98,38.6,5,14,1169.57,4.3,1
Tomatoes,2633.4,36.9,9,2,2104.52,-15.1,0
Potatoes,1276.41,72.3,4,3,858.89,-17.7,0
Wheat,2217.96,107.8,2,30,1080.64,-2.5,1
Onions,2757.08,84.5,4,23,1040.12,25.3,2
Tomatoes,2294.44,84.5,8,9,1061.2,-26.0,2
Onions,2280.42,102.3,4,2,1689.29,3.7,0
Tomatoes,3156.12,29.6,8,10,1516.01,1.8,2
Tomatoes,3056.15,92.8,8,6,1835.13,-1.4,2
Potatoes,1845.58,128.6,4,3,1141.41,19.1,0
Tomatoes,3195.33,44.3,8,10,1524.68,3.1,2
Onions,2102.19,40.0,6,24,273.02,-4.4,2
Tomatoes,2577.13,89.8,10,0,2121.49,-16.9,0
Potatoes,1534.81,70.4,5,25,296.83,-1.0,2
Potatoes,1651.07,97.3,3,14,882.79,6.5,1
Onions,2161.45,81.7,4,0,1750.57,-1.8,0
Mustard,6293.91,124.4,3,35,2075.05,15.5,2
Mustard,5678.83,124.1,1,14,4586.23,4.2,0
Tomatoes,3089.64,113.4,9,4,1973.76,-0.3,2
Wheat,2121.68,72.3,2,0,1753.9,-6.7,0
Tomatoes,2518.31,96.4,10,4,1545.95,-18.8,2
Onions,2113.03,135.2,5,24,409.46,-4.0,2
Onions,2393.21,18.7,4,5,1965.17,8.8,0
Onions,2359.05,107.5,4,21,906.75,7.2,2
Onions,2475.05,49.1,6,14,1093.48,12.5,1
Onions,2121.88,134.3,6,19,466.13,-3.6,0
Potatoes,1754.48,7.1,5,21,620.41,13.2,2
Mustard,5472.97,49.8,2,31,3227.55,0.4,2
Onions,1907.22,63.3,4,20,823.8,-13.3,2
Wheat,2757.87,114.7,2,28,1451.88,21.2,1
Wheat,2140.64,130.9,2,18,1182.88,-5.9,0
Wheat,2445.76,81.5,2,27,1372.34,7.5,1
Wheat,2516.67,70.9,1,31,1747.89,10.6,1
Potatoes,1915.04,59.1,5,21,595.99,23.6,2
Wheat,2276.01,85.4,1,9,1746.5,0.0,0
Onions,1851.3,65.0,6,3,1357.42,-15.9,0
Tomatoes,3931.9,104.4,9,3,2835.34,26.8,2
Wheat,2795.32,70.8,1,42,1810.77,22.9,2
Potatoes,1463.85,132.8,4,29,254.44,-5.6,2
Potatoes,1581.89,98.2,3,5,1008.6,2.1,0
Wheat,2193.0,106.9,1,21,1457.91,-3.6,1
Tomatoes,2679.41,93.0,9,0,2207.32,-13.6,0
Wheat,2445.0,111.9,1,26,1597.31,7.5,1
Potatoes,1603.69,149.6,5,8,682.8,3.5,0
Mustard,5498.9,23.6,3,29,2508.22,0.9,1
Onions,2392.7,62.4,4,22,974.23,8.8,2
Potatoes,1608.65,119.5,4,10,789.43,3.8,0
Wheat,2244.53,73.9,2,33,1127.72,-1.3,2
Onions,1996.45,145.3,4,24,552.33,-9.3,2
Wheat,1946.53,120.8,2,22,1003.9,-14.4,1
Wheat,1990.52,42.2,2,9,1570.64,-12.5,0
Mustard,5839.15,14.1,1,12,5231.85,7.1,0
Onions,2052.84,27.5,5,23,572.5,-6.7,2
Onions,1917.73,107.5,5,22,474.51,-12.8,2
Mustard,5688.26,49.0,2,39,2848.33,4.4,2
Potatoes,1199.25,16.9,4,22,506.86,-22.6,2
Wheat,2167.49,71.5,2,33,1088.64,-4.7,2
Tomatoes,2698.58,148.8,9,2,1761.71,-12.9,0
Wheat,2435.84,86.6,1,38,1542.01,7.1,2
Wheat,1580.62,7.3,2,19,1162.02,-30.5,1
Potatoes,1919.61,100.4,4,18,811.91,23.8,1
Wheat,2080.11,22.9,2,17,1513.28,-8.6,0
Mustard,6555.38,143.0,1,44,4254.65,20.3,2
Mustard,6901.08,89.0,3,12,4988.25,26.6,0
Onions,2158.01,59.0,6,7,1383.31,-1.9,0
Tomatoes,3186.53,128.9,9,5,1856.21,2.8,2
Wheat,2215.01,136.0,2,33,941.46,-2.6,2
Wheat,2615.23,86.0,2,7,1993.15,15.0,0
Potatoes,1445.45,134.6,4,2,771.92,-6.7,0
Mustard,7071.52,88.1,3,30,3005.47,29.8,1
Tomatoes,3943.39,119.9,8,9,1888.58,27.2,2
Onions,1649.02,27.0,4,16,895.69,-25.0,1
Mustard,5067.66,138.5,2,7,3978.24,-7.0,0
Onions,2277.14,35.1,5,7,1596.59,3.5,0
Potatoes,1515.16,115.3,3,27,496.53,-2.2,2
Potatoes,1452.12,67.3,4,21,555.63,-6.3,2
Wheat,2654.02,9.4,1,42,1903.32,16.7,2
Tomatoes,3385.77,79.0,10,0,2962.55,9.2,1
Onions,2256.86,12.3,6,20,598.62,2.6,2
Mustard,4434.25,126.7,1,8,3594.2,-18.6,0
Potatoes,1493.92,21.2,3,12,1048.08,-3.6,0
Wheat,2608.4,30.2,2,26,1634.02,14.7,1
Wheat,2142.01,23.2,1,38,1513.1,-5.8,2
Onions,2153.65,87.0,5,20,687.63,-2.1,2
Potatoes,1674.37,124.9,3,12,845.8,8.0,0
Tomatoes,3027.57,39.0,8,0,2733.02,-2.3,0
Potatoes,1538.06,140.3,5,7,692.0,-0.8,0
Onions,2429.46,103.4,4,5,1685.7,10.4,0
Onions,2079.74,112.2,6,19,484.51,-5.5,2
Potatoes,1712.94,144.7,5,3,935.05,10.5,0
Onions,2588.79,25.6,5,2,2240.41,17.7,2
Potatoes,1462.87,54.8,3,9,994.72,-5.6,0
Mustard,4694.83,39.8,3,8,3733.99,-13.9,0
Potatoes,1707.92,54.5,5,23,442.84,10.2,2
Potatoes,1530.43,101.0,4,21,518.48,-1.3,2
Onions,2349.45,136.1,5,18,777.41,6.8,2
Onions,2384.54,35.8,6,2,1969.26,8.4,1
Wheat,2622.0,129.1,2,33,1201.12,15.3,2
Wheat,2081.96,68.8,2,0,1730.72,-8.5,0
Mustard,5599.97,67.3,3,20,3318.48,2.8,1
Wheat,2742.56,91.4,1,45,1661.78,20.6,2
Potatoes,1719.51,21.9,3,23,910.48,10.9,2
Onions,2227.92,100.5,6,22,360.07,1.3,2
Wheat,2474.97,87.2,2,34,1203.58,8.8,2
Wheat,2353.82,124.8,1,7,1671.85,3.5,0
Mustard,4971.57,16.0,1,44,3515.24,-8.8,2
Mustard,5287.57,134.9,1,8,4355.18,-3.0,0
Potatoes,1630.88,130.2,5,29,151.85,5.2,2
Onions,2114.79,66.4,6,21,432.78,-3.9,2
Mustard,5074.25,118.4,3,30,2042.38,-6.9,1
Wheat,2160.38,80.9,1,11,1637.42,-5.0,0
Onions,2309.82,88.3,4,14,1239.21,5.0,1
Onions,1989.33,16.1,6,16,785.65,-9.6,1
Wheat,2297.03,28.0,2,7,1908.11,1.0,0
Mustard,5037.2,57.0,2,16,3781.4,-7.6,0
Wheat,2337.63,31.5,1,45,1534.37,2.8,2
Onions,1914.58,45.0,4,16,1031.05,-13.0,1
Tomatoes,3225.02,140.4,9,4,1982.52,4.0,2
Tomatoes,3828.07,64.1,8,9,1967.02,23.5,2
Potatoes,1416.0,53.2,4,17,679.78,-8.6,1
Wheat,2066.9,11.4,1,42,1463.96,-9.1,2
Wheat,2386.78,38.6,1,18,1879.84,4.9,0
Potatoes,1581.38,59.2,3,28,636.54,2.0,2
Potatoes,1872.7,56.5,3,2,1524.08,20.8,0
Potatoes,1390.64,46.8,5,14,668.29,-10.3,1
Onions,1800.18,65.8,5,3,1335.95,-18.2,0
Wheat,2362.79,143.9,1,30,1367.75,3.9,1
Onions,1799.37,72.4,6,23,247.26,-18.2,2
Potatoes,1364.74,50.6,4,9,870.04,-12.0,0
Wheat,2533.8,62.7,1,28,1831.21,11.4,1
Onions,2164.33,141.8,5,5,1260.5,-1.6,0
Onions,1786.13,77.6,4,22,661.37,-18.8,2
Potatoes,1472.9,135.7,3,4,772.83,-5.0,0
Wheat,2548.66,125.1,2,2,1888.3,12.0,0
Potatoes,1751.76,35.6,3,8,1286.67,13.0,0
Wheat,2190.27,68.9,2,5,1726.23,-3.7,0
Tomatoes,2739.56,118.1,8,10,1119.73,-11.6,2
Mustard,5740.05,104.8,3,13,3947.7,5.3,0
Mustard,4696.68,65.5,3,22,2602.03,-13.8,1
Mustard,6066.62,120.6,1,24,4624.61,11.3,1
Potatoes,1756.52,12.6,5,8,1250.8,13.3,0
Tomatoes,3282.73,38.9,9,9,1533.61,5.9,2
Wheat,2177.26,12.3,2,17,1639.69,-4.3,0
Onions,2219.19,62.0,4,18,1076.82,0.9,2
Wheat,2162.66,90.3,1,41,1291.64,-4.9,2
Onions,2451.21,83.9,6,21,494.01,11.4,2
Wheat,1996.22,33.2,1,45,1282.68,-12.3,2
Tomatoes,2836.76,121.8,8,10,1160.6,-8.5,2
Onions,2011.99,18.8,4,25,743.58,-8.5,2
Potatoes,1009.3,131.2,3,14,298.24,-34.9,1
Wheat,2172.67,85.2,2,45,803.08,-4.5,2
Wheat,2228.06,115.2,1,36,1305.44,-2.1,2
Onions,2155.21,23.2,5,21,729.98,-2.0,2
Potatoes,1750.72,89.8,4,3,1217.17,12.9,0
Potatoes,1442.32,55.0,4,28,382.44,-6.9,2
Tomatoes,3213.48,22.7,10,3,2470.67,3.7,2
Potatoes,1401.02,25.5,5,24,341.6,-9.6,2
Potatoes,1637.02,11.6,4,17,908.53,5.6,1
Potatoes,1937.12,16.8,3,11,1441.66,25.0,1
Mustard,6033.99,148.3,2,30,3357.41,10.7,1
Tomatoes,3780.62,116.4,10,4,2417.72,22.0,2
Wheat,2277.47,94.7,2,1,1784.1,0.1,0
Onions,2755.39,67.3,6,20,671.28,25.2,2
Wheat,2456.12,118.0,1,20,1650.88,8.0,1
Tomatoes,2830.58,46.7,10,9,1179.36,-8.7,2
Onions,1934.34,24.6,6,12,992.89,-12.1,1
Tomatoes,2972.04,52.0,9,7,1666.09,-4.1,2
Potatoes,1333.35,41.4,4,9,878.38,-14.0,0
Onions,2360.8,21.4,5,10,1529.63,7.3,0
Potatoes,1472.27,139.7,4,24,345.21,-5.0,0
Wheat,1721.95,75.0,2,19,1042.21,-24.3,1
Wheat,2550.03,30.3,1,35,1830.61,12.1,2
Onions,1868.7,134.1,4,14,815.31,-15.1,1
Onions,1759.49,77.5,4,6,1177.47,-20.0,0
Tomatoes,3493.85,128.5,9,7,1770.04,12.7,2
Tomatoes,3425.0,92.8,9,3,2462.8,10.5,2
Potatoes,1457.51,41.8,4,2,1180.73,-6.0,0
Onions,2520.13,101.0,6,4,1725.03,14.6,1
Wheat,2748.61,135.9,2,15,1707.31,20.8,0
Tomatoes,3068.98,23.3,8,6,2041.87,-1.0,2
Tomatoes,2015.0,98.5,10,3,1255.79,-35.0,2
Wheat,1960.46,134.2,2,14,1096.04,-13.8,0
Tomatoes,3166.23,124.4,8,10,1322.41,2.1,2
Potatoes,1839.92,122.8,3,5,1137.97,18.7,0
Onions,1913.01,61.5,6,24,239.7,-13.0,2
Wheat,2057.78,16.8,2,22,1410.05,-9.5,1
Onions,2151.46,122.8,5,2,1462.48,-2.2,0
Tomatoes,3548.62,63.4,10,0,3192.35,14.5,2
Tomatoes,3524.77,96.7,10,0,3019.12,13.7,1
Wheat,2557.75,105.5,1,43,1507.63,12.4,2
Potatoes,1702.47,110.9,4,18,664.2,9.8,1
Mustard,5149.45,8.7,1,12,4634.67,-5.5,0
Wheat,1800.5,33.5,2,42,775.49,-20.9,2
Mustard,7120.76,20.7,2,25,4797.9,30.7,1
Mustard,5030.0,146.4,3,38,1349.51,-7.7,2
Potatoes,1620.72,12.0,5,13,924.95,4.6,1
Mustard,5332.54,41.6,3,5,4585.21,-2.2,0
Mustard,5675.68,135.2,2,27,3348.75,4.1,1
Potatoes,1789.29,136.6,5,10,797.16,15.4,0
Mustard,5911.78,85.7,2,37,3006.79,8.5,2
Mustard,5291.29,116.1,1,12,4327.28,-2.9,0
Mustard,5264.01,62.4,1,3,4790.13,-3.4,0
Wheat,2709.23,41.4,2,40,1283.75,19.1,2
Wheat,2112.89,145.6,2,42,702.05,-7.1,2
Wheat,2229.78,28.5,2,13,1699.97,-2.0,0
Potatoes,1335.48,70.5,3,2,955.83,-13.8,0
Tomatoes,2472.31,5.0,8,2,2163.15,-20.2,0
Mustard,6484.43,71.0,1,37,4695.42,19.0,2
Mustard,5068.35,31.2,1,40,3632.64,-7.0,2
Potatoes,1394.99,63.2,3,17,751.39,-10.0,1
Mustard,5213.52,111.5,2,3,4441.63,-4.3,0
Wheat,2546.87,85.1,2,3,2036.92,12.0,0
Tomatoes,3194.86,121.4,8,7,1716.22,3.1,2
Onions,2146.07,87.0,6,10,1095.46,-2.5,0
Mustard,5975.76,91.4,3,30,2504.67,9.6,1
Wheat,2603.28,114.5,2,45,936.54,14.4,2
Onions,2283.73,96.4,6,1,1739.3,3.8,0
Tomatoes,3308.16,45.2,9,9,1561.84,6.7,2
Onions,1985.23,79.9,5,18,729.55,-9.8,2
Wheat,2651.51,102.5,1,29,1765.35,16.5,1
Onions,2177.99,147.5,6,6,1153.01,-1.0,0
Potatoes,1517.46,45.6,5,28,205.11,-2.1,2
Onions,1917.55,12.9,4,11,1326.12,-12.8,1
Mustard,5258.11,60.6,3,17,3386.89,-3.5,0
Mustard,4502.08,124.8,2,10,3388.39,-17.4,0
Potatoes,1786.07,121.0,3,1,1184.14,15.2,0
Wheat,2333.14,65.1,1,20,1754.3,2.6,1
Mustard,5825.23,92.7,2,38,2878.62,6.9,2
Tomatoes,2625.21,13.6,8,5,1893.24,-15.3,2
Mustard,4026.52,126.4,2,31,2120.88,-26.1,1
Mustard,5935.03,31.7,3,2,5423.59,8.9,0
Wheat,2353.13,12.4,1,34,1776.41,3.4,2
Onions,1540.4,26.1,6,25,202.95,-30.0,2
Mustard,6559.0,15.3,1,2,6259.99,20.3,2
Potatoes,1902.9,21.5,4,12,1235.92,22.8,0
Onions,2215.08,124.2,6,5,1321.74,0.7,0
Tomatoes,3443.8,90.4,9,10,1365.34,11.1,2
Wheat,2489.3,140.9,1,24,1545.48,9.4,1
Tomatoes,3515.25,105.2,10,10,1188.62,13.4,2
Onions,2130.69,139.6,4,17,864.25,-3.2,1
Onions,2067.64,13.0,6,24,292.24,-6.0,2
Onions,2229.14,65.2,6,8,1346.5,1.3,0
Tomatoes,3288.76,19.1,10,4,2362.37,6.1,2
Onions,1829.34,103.2,6,17,515.4,-16.8,1
Tomatoes,4083.95,96.0,10,1,3356.05,31.7,2
Onions,2229.66,52.1,6,2,1810.17,1.3,0
Potatoes,1558.48,64.4,3,0,1237.51,0.5,0
Onions,2522.3,120.9,6,23,331.58,14.7,2
Tomatoes,2773.84,125.7,10,0,2152.71,-10.5,0
Mustard,5286.38,105.3,1,36,3690.13,-3.0,2
Onions,1917.53,87.4,4,22,701.34,-12.8,2
Mustard,6344.74,24.3,3,44,1262.99,16.4,2
Potatoes,1332.61,141.1,5,29,100.65,-14.0,2
Wheat,2106.71,100.1,1,32,1304.21,-7.4,2
Potatoes,1363.32,8.7,5,14,744.64,-12.0,1
Onions,2432.17,86.8,5,15,1096.11,10.6,1
Mustard,4745.4,111.6,3,20,2654.91,-12.9,1
Mustard,4842.84,51.0,1,22,3920.31,-11.1,1
Tomatoes,3311.21,136.7,8,5,1998.68,6.8,2
Mustard,5010.8,51.2,2,44,2209.05,-8.1,2
Tomatoes,3142.02,64.1,8,3,2388.86,1.4,2
Wheat,2530.59,33.5,2,0,2278.98,11.2,2
Onions,2248.79,67.3,6,22,395.4,2.2,2
Tomatoes,2887.14,88.0,10,8,1265.37,-6.9,2
Wheat,2059.33,49.4,1,17,1612.67,-9.5,0
Mustard,4975.79,66.8,2,20,3477.51,-8.7,1
Mustard,5580.81,80.1,2,9,4557.0,2.4,0
Wheat,2639.98,63.0,2,23,1667.86,16.0,1
Mustard,6223.4,53.3,1,15,5331.76,14.2,1
Wheat,2618.77,86.9,1,4,2123.14,15.1,0
Tomatoes,3526.48,35.2,9,9,1667.8,13.8,2
Tomatoes,2425.48,25.0,10,8,1158.02,-21.8,2
Wheat,1986.0,50.3,1,6,1658.01,-12.7,0
Tomatoes,3308.21,146.6,10,6,1652.7,6.7,2
Tomatoes,3169.76,116.0,10,4,1964.12,2.3,2
Tomatoes,3242.09,62.1,9,3,2428.35,4.6,2
Potatoes,1397.21,35.0,5,27,220.26,-9.9,2
Onions,2540.63,67.0,5,2,2057.02,15.5,1
Mustard,5949.72,80.9,3,18,3695.47,9.2,0
Potatoes,1758.1,120.3,3,3,1117.78,13.4,0
Tomatoes,2823.36,98.0,10,5,1628.12,-8.9,2
Wheat,2493.9,136.0,1,24,1568.21,9.6,1
Tomatoes,2877.92,84.2,10,9,1123.07,-7.2,2
Onions,2317.42,115.9,6,9,1182.68,5.3,0
Tomatoes,2792.86,12.8,8,8,1638.68,-9.9,2
Wheat,2167.9,40.3,1,25,1651.71,-4.7,1
Onions,2153.96,69.6,4,13,1236.8,-2.1,1
Tomatoes,3452.42,39.2,9,7,1958.16,11.4,2
Onions,2014.06,91.7,4,0,1561.13,-8.5,0
Mustard,4532.61,95.6,2,3,3867.33,-16.8,0
Mustard,6108.12,36.6,1,26,4866.81,12.1,1
Tomatoes,3507.97,124.0,10,8,1497.5,13.2,2
Onions,2575.93,49.6,4,8,1859.38,17.1,0
Wheat,2066.08,147.3,2,4,1296.54,-9.2,0
Tomatoes,2208.13,49.1,8,0,1943.02,-28.8,0
Mustard,5316.69,52.3,2,13,4198.91,-2.4,0
Mustard,5069.17,105.8,3,7,3925.73,-7.0,0
Tomatoes,3122.37,24.2,8,8,1795.47,0.7,2
Onions,2291.76,146.5,4,12,1129.71,4.2,1
Mustard,6112.26,80.5,2,28,3736.84,12.2,1
Onions,2158.25,25.1,4,24,832.94,-1.9,2
Mustard,6101.11,15.6,2,1,5814.86,11.9,2
Mustard,6563.87,33.4,1,21,5446.94,20.4,1
Potatoes,1587.63,24.9,4,16,866.39,2.4,1
Mustard,5804.53,127.6,1,38,3948.19,6.5,2
Wheat,2057.44,59.6,2,15,1433.43,-9.6,0
Tomatoes,4085.11,85.3,9,8,2055.91,31.8,2
Tomatoes,3408.53,124.2,9,5,2030.47,10.0,2
Onions,2437.75,38.6,6,0,2157.39,10.8,1
Mustard,6016.32,15.6,1,17,5210.55,10.4,1
Wheat,2548.4,138.1,1,35,1482.03,12.0,2
Onions,2408.01,113.8,5,22,628.23,9.5,2
Potatoes,1284.92,112.2,4,12,537.08,-17.1,0
Onions,2385.9,132.2,4,9,1366.73,8.5,0
Onions,2495.97,10.5,5,25,595.76,13.5,2
Mustard,6044.91,86.6,2,41,2811.43,10.9,2
Potatoes,1417.91,130.1,3,19,529.1,-8.5,1
Onions,2282.22,129.5,5,13,1008.83,3.7,1
Wheat,2242.39,125.0,2,19,1262.25,-1.4,0
Wheat,2194.81,82.9,2,23,1287.17,-3.5,1
Tomatoes,2620.79,146.7,10,5,1335.76,-15.5,2
Potatoes,1465.16,82.9,5,8,807.73,-5.5,0
Potatoes,1729.51,50.6,4,16,903.81,11.6,1
Tomatoes,2768.47,22.8,10,7,1494.25,-10.7,2
Onions,2284.38,32.6,6,17,792.72,3.8,1
Potatoes,1512.26,16.3,3,5,1259.64,-2.4,0
Wheat,2335.16,79.2,2,25,1352.44,2.6,1
Wheat,2298.79,7.1,2,42,1096.27,1.0,2
Mustard,7078.11,114.4,1,3,6306.16,29.9,2
Potatoes,1556.46,29.3,5,1,1309.04,0.4,0
Onions,1680.31,101.2,4,19,648.07,-23.6,2
Tomatoes,2868.57,120.0,9,5,1657.97,-7.5,2
Tomatoes,2894.03,42.8,8,6,1882.21,-6.6,2
Onions,2208.9,106.4,4,14,1119.45,0.4,1
Mustard,6681.54,60.3,3,37,2096.37,22.6,2
Tomatoes,2958.49,96.0,9,2,2200.85,-4.6,0
Potatoes,1488.44,133.7,5,6,702.76,-4.0,0
Mustard,4632.9,15.0,2,42,2207.32,-15.0,2
Potatoes,1343.92,26.5,5,9,845.37,-13.3,0
Wheat,2199.07,60.4,2,20,1431.3,-3.3,1
Mustard,5229.48,92.1,2,11,4088.66,-4.0,0
Tomatoes,3051.81,108.3,10,10,1001.37,-1.6,2
Mustard,4544.04,80.0,3,35,1514.47,-16.6,2
Mustard,5535.59,64.8,1,22,4455.69,1.6,1
Mustard,4966.93,57.3,1,36,3614.04,-8.9,2
Mustard,5590.48,84.1,1,44,3753.76,2.6,2
Potatoes,1283.83,62.6,3,1,958.88,-17.2,0
Wheat,2322.31,54.7,2,8,1834.86,2.1,0
Onions,1947.54,39.8,5,10,1168.85,-11.5,0
Mustard,5691.35,16.7,1,23,4721.45,4.4,1
Tomatoes,3325.9,34.2,8,1,2907.58,7.3,1
Mustard,7201.4,5.6,1,30,5759.49,32.1,2
Tomatoes,3124.07,72.4,8,10,1422.61,0.8,2
Potatoes,1207.05,138.3,5,25,140.14,-22.1,2
Tomatoes,2768.8,32.6,9,4,1973.97,-10.7,2
Onions,1725.87,48.4,6,16,624.79,-21.6,1
Wheat,2094.5,57.7,1,25,1524.02,-7.9,1
Tomatoes,3391.94,95.4,8,5,2200.05,9.4,2
Tomatoes,3331.21,12.4,9,0,3190.19,7.5,1
Wheat,2072.44,70.3,2,15,1406.01,-8.9,0
Onions,2540.99,36.8,6,8,1615.79,15.5,0
Mustard,5400.06,75.3,2,6,4596.58,-0.9,0
Tomatoes,2987.55,143.8,8,9,1295.44,-3.6,2
Wheat,2893.14,144.5,2,11,1896.6,27.2,0
Potatoes,1676.87,34.9,4,20,745.64,8.2,1
Wheat,1983.11,56.9,2,8,1525.41,-12.8,0
Potatoes,1255.44,129.3,4,19,352.77,-19.0,1
Onions,2133.61,106.6,6,11,973.19,-3.0,1
Mustard,6165.7,14.9,1,45,4345.68,13.1,2
Wheat,2378.51,52.5,2,17,1667.37,4.5,0
Tomatoes,3557.64,54.3,10,2,2853.08,14.8,1
Onions,2113.16,117.6,6,4,1319.69,-3.9,0
Wheat,2373.09,107.5,2,4,1753.47,4.3,0
Tomatoes,3334.42,33.5,10,2,2698.72,7.6,1
Wheat,1762.66,49.4,2,34,891.02,-22.5,2
Potatoes,1563.19,33.0,4,11,981.77,0.9,0
Wheat,2030.38,119.8,1,16,1311.41,-10.8,0
Wheat,2424.37,13.3,1,11,2144.54,6.6,0
Wheat,2040.67,89.5,1,3,1568.36,-10.3,0
Onions,2349.98,90.8,4,9,1485.19,6.8,0
Wheat,1988.44,76.0,1,11,1500.63,-12.6,0
Tomatoes,2880.1,110.6,10,4,1766.85,-7.1,2
Potatoes,1691.97,78.5,4,11,960.39,9.2,0
Potatoes,1504.31,121.7,4,20,481.82,-2.9,1
Wheat,2510.23,126.3,2,37,1051.77,10.3,2
Onions,2042.19,128.6,5,11,953.17,-7.2,1
Onions,2244.62,31.0,4,23,902.15,2.0,2
Tomatoes,3360.96,73.9,10,7,1717.49,8.4,2
Wheat,2491.66,33.3,2,41,1138.95,9.5,2
Potatoes,1769.02,88.6,4,9,1046.59,14.1,0
Onions,2143.88,10.8,4,4,1840.73,-2.6,0
Wheat,2089.73,53.2,2,17,1439.59,-8.1,0
Onions,2115.99,116.2,5,22,527.26,-3.8,2
Onions,2622.01,130.4,5,25,495.69,19.2,2
Potatoes,1699.2,71.1,5,17,659.18,9.6,1
Mustard,6021.35,51.1,3,15,4139.81,10.5,0
Tomatoes,3088.69,41.2,9,5,2074.31,-0.4,2
Tomatoes,2750.15,86.1,9,7,1435.39,-11.3,1
Potatoes,1556.44,92.5,3,4,1029.21,0.4,0
Onions,1930.8,140.2,4,6,1079.66,-12.2,0
Wheat,2331.34,63.9,2,8,1805.44,2.5,0
Onions,1948.96,135.4,4,10,988.52,-11.4,0
Potatoes,1609.24,136.8,4,23,430.73,3.8,2
Tomatoes,2528.02,114.7,10,3,1608.27,-18.5,2
Onions,2161.75,52.3,4,22,888.85,-1.7,2
Tomatoes,2955.53,147.8,8,0,2231.32,-4.7,0
Wheat,2191.57,126.6,1,3,1549.63,-3.7,0
Tomatoes,2537.43,6.3,9,8,1390.96,-18.1,2
Tomatoes,2765.43,137.4,8,4,1690.19,-10.8,2
Mustard,5298.39,146.7,3,4,4205.95,-2.8,0
Mustard,4582.67,19.4,2,13,3692.18,-15.9,0
Mustard,5888.1,36.2,1,32,4486.94,8.0,2
Tomatoes,3174.97,39.2,10,8,1495.66,2.4,2
Potatoes,1362.91,40.1,3,18,780.92,-12.1,1
Tomatoes,2464.14,97.9,8,2,1784.77,-20.5,0
Potatoes,1310.84,83.7,5,2,853.49,-15.4,0
Potatoes,1712.52,24.3,3,8,1311.79,10.5,0
Mustard,5291.28,13.5,2,15,4185.65,-2.9,0
Onions,1701.04,63.0,5,16,719.43,-22.7,1
Wheat,2359.0,133.2,1,45,1250.07,3.7,2
Mustard,4733.53,106.7,2,3,4009.0,-13.1,0
Mustard,6150.02,6.1,3,22,3618.21,12.8,1
Onions,2535.78,147.0,6,14,904.49,15.3,1
Wheat,2426.67,72.7,2,23,1484.91,6.7,1
Tomatoes,2298.12,141.1,10,3,1326.11,-25.9,2
Tomatoes,3394.26,114.8,9,3,2354.59,9.5,2
Mustard,5719.05,84.7,1,11,4878.77,4.9,0
Wheat,2335.9,34.6,1,43,1544.53,2.7,2
Mustard,6275.67,47.2,1,20,5225.23,15.1,1
Potatoes,1494.69,49.2,3,18,840.54,-3.6,1
Mustard,5288.87,34.2,3,44,1035.4,-3.0,0
Mustard,5438.25,124.0,3,33,1937.22,-0.2,2
Tomatoes,3023.88,70.3,10,4,2011.76,-2.5,2
Tomatoes,3575.65,80.6,10,2,2764.46,15.3,1
Tomatoes,3343.15,7.8,8,4,2609.43,7.8,2
Potatoes,1520.26,67.1,3,7,1038.23,-1.9,0
Tomatoes,3448.38,78.9,9,9,1554.52,11.2,2
Wheat,1478.75,94.2,1,26,865.33,-35.0,1
Onions,2350.79,73.5,4,23,883.91,6.9,2
Wheat,2462.8,124.4,1,28,1542.32,8.3,1
Wheat,2722.92,69.9,1,40,1788.97,19.7,2
Tomatoes,3069.51,14.3,8,5,2220.96,-1.0,2
Onions,2487.98,42.5,5,18,1033.61,13.1,2
Onions,2247.17,95.7,4,16,1091.29,2.1,1
Onions,2314.86,141.6,5,9,1190.89,5.2,0
Potatoes,1753.68,82.5,5,14,781.47,13.1,1
Tomatoes,3408.49,143.6,9,4,2112.19,10.0,2
Onions,2179.83,19.1,6,3,1803.3,-0.9,0
Potatoes,1522.56,18.1,3,17,960.16,-1.8,1
Mustard,5566.01,128.5,2,16,3940.16,2.1,0
Mustard,4076.68,107.3,1,11,3280.48,-25.2,0
Potatoes,1494.74,39.2,3,0,1229.65,-3.6,0
Potatoes,1487.38,127.5,4,17,523.26,-4.0,1
Tomatoes,3493.21,25.2,9,10,1505.19,12.7,2
Tomatoes,3173.95,58.9,9,1,2691.77,2.4,1
Mustard,5946.72,130.7,2,8,4736.63,9.1,0
Onions,2122.98,28.3,4,11,1406.29,-3.5,1
Mustard,5216.45,22.3,3,22,3006.91,-4.3,1
Onions,2135.4,113.4,4,0,1582.39,-2.9,0
Onions,2601.89,108.1,5,4,1815.79,18.3,0
Tomatoes,3128.55,40.0,9,0,2825.98,0.9,1
Wheat,2314.61,103.1,1,38,1392.97,1.7,2
Wheat,2095.42,127.0,2,33,895.14,-7.9,2
Potatoes,1467.71,71.7,4,4,1008.6,-5.3,0
Tomatoes,2973.08,94.9,10,0,2486.57,-4.1,0
Onions,2440.03,108.7,5,6,1559.71,10.9,0
Wheat,2056.8,78.8,1,26,1401.94,-9.6,1
Onions,1821.55,131.4,5,3,1086.38,-17.2,0
Wheat,1700.3,43.7,2,34,870.03,-25.3,2
Wheat,2163.26,129.5,2,12,1315.88,-4.9,0
Wheat,2549.62,97.2,2,34,1220.25,12.1,2
Tomatoes,3183.25,37.7,8,3,2476.74,2.7,2
Mustard,5320.53,47.6,3,2,4819.92,-2.4,0
Onions,2501.04,128.5,4,19,1018.79,13.7,2
Tomatoes,4029.58,67.5,8,7,2420.44,30.0,2
Tomatoes,3766.35,42.8,10,2,3078.61,21.5,1
Tomatoes,3154.81,108.6,9,9,1337.95,1.8,2
Tomatoes,3250.93,70.1,10,10,1148.18,4.9,2
Tomatoes,3028.5,42.4,8,1,2643.83,-2.3,0
Potatoes,1625.18,139.5,5,6,791.24,4.9,0
Onions,2388.99,122.2,5,5,1522.61,8.6,0
Tomatoes,3791.54,126.0,8,0,3148.71,22.3,2
Onions,2459.3,10.0,6,4,2011.7,11.8,1
Potatoes,1623.69,68.1,3,4,1192.26,4.8,0
Potatoes,1213.65,28.7,4,22,480.11,-21.7,2
Onions,1573.88,132.2,6,1,913.39,-28.5,0
Wheat,2832.49,130.9,1,27,1832.53,24.5,1
Mustard,4607.35,50.8,1,26,3617.89,-15.5,1
Wheat,2427.58,61.1,1,37,1636.97,6.7,2
Wheat,3030.16,70.8,1,14,2428.28,33.2,2
Wheat,2348.24,149.7,2,38,885.43,3.2,2
Tomatoes,2927.78,99.9,8,3,2071.24,-5.6,2
Potatoes,1291.04,18.3,4,26,434.44,-16.7,2
Wheat,1823.57,79.6,1,0,1428.9,-19.8,0
Potatoes,1599.22,90.3,5,5,986.75,3.2,0
Onions,2517.73,14.3,5,17,1166.97,14.4,1
Mustard,5674.47,139.6,2,37,2742.63,4.1,2
Onions,2182.01,14.6,5,20,820.31,-0.8,2
Onions,2260.75,104.0,5,25,436.88,2.8,2
Tomatoes,3230.34,50.8,9,9,1509.69,4.2,2
Mustard,4897.81,131.1,1,2,4159.38,-10.1,0
Onions,2462.89,16.2,6,10,1482.52,11.9,0
Onions,2339.74,126.6,6,5,1413.06,6.4,0
Mustard,5810.93,32.9,1,6,5299.41,6.6,0
Mustard,5894.87,68.5,2,45,2515.61,8.2,2
Onions,2418.91,104.1,4,14,1262.98,10.0,1
Mustard,6053.5,13.3,1,36,4588.46,11.1,2
Onions,2156.21,81.2,4,15,1118.52,-2.0,1
Onions,2142.45,46.2,4,8,1528.49,-2.6,0
Tomatoes,3362.73,68.9,8,9,1695.72,8.5,2
Wheat,2138.49,134.5,1,4,1454.7,-6.0,0
Onions,2424.42,23.8,4,25,893.25,10.2,2
Potatoes,1627.69,31.7,4,9,1101.47,5.0,0
Wheat,2628.53,88.9,1,5,2110.63,15.5,0
Wheat,2423.57,13.2,1,1,2282.12,6.5,0
Wheat,1894.3,46.5,1,23,1419.86,-16.7,1
Tomatoes,3492.05,29.1,8,8,2000.53,12.6,2
Onions,2428.08,39.1,6,23,368.93,10.4,2
Tomatoes,3095.64,115.1,10,9,1157.26,-0.1,2
Onions,2245.38,41.7,6,16,853.44,2.1,1
Tomatoes,3441.7,49.9,8,9,1788.24,11.0,2
Tomatoes,2480.51,5.3,10,9,1103.59,-20.0,2
Potatoes,1495.78,142.4,3,4,765.66,-3.5,0
Tomatoes,3811.14,37.3,10,6,2247.12,22.9,2
Mustard,5760.35,73.0,1,0,5316.64,5.7,0
Potatoes,1649.27,53.7,4,21,681.82,6.4,2
Tomatoes,4101.56,23.9,8,2,3504.02,32.3,2
Wheat,2141.86,19.2,2,36,1126.81,-5.9,2
Mustard,6152.61,103.2,2,1,5498.38,12.9,2
Mustard,5279.46,19.9,3,38,1597.21,-3.1,2
Mustard,4639.98,66.6,3,8,3635.84,-14.9,0
Potatoes,1911.69,6.0,4,19,999.58,23.3,1
Tomatoes,2971.49,120.8,9,2,2112.67,-4.1,0
Tomatoes,3666.75,137.0,10,10,1190.77,18.3,2
Wheat,1901.96,50.0,1,11,1530.75,-16.4,0
Wheat,2311.09,141.4,2,31,1022.74,1.6,1
Mustard,5374.98,14.8,1,35,4091.16,-1.4,2
Wheat,2013.2,96.8,1,28,1279.06,-11.5,1
Potatoes,1712.36,59.4,3,14,1055.29,10.5,1
Tomatoes,3360.11,124.3,8,0,2733.56,8.4,1
Mustard,4654.3,20.6,2,41,2254.31,-14.6,1
Wheat,2507.72,123.9,2,19,1466.81,10.2,1
Potatoes,1321.37,77.9,3,7,825.4,-14.8,0
Potatoes,1439.07,146.7,4,4,678.13,-7.2,0
Wheat,2193.32,59.9,1,25,1597.92,-3.6,1
Tomatoes,2662.17,147.3,9,1,1840.99,-14.1,0
Wheat,2772.01,124.0,2,34,1277.87,21.8,2
Mustard,6022.59,100.4,1,40,4142.26,10.5,2
Wheat,2464.77,75.1,1,45,1516.59,8.3,2
Potatoes,1803.72,30.2,4,23,710.73,16.4,2
Wheat,1898.59,149.5,2,2,1159.36,-16.5,0
Tomatoes,3256.9,67.6,9,7,1796.06,5.1,2
Onions,2545.89,92.6,4,3,1928.64,15.7,0
Wheat,2180.77,25.9,2,17,1577.48,-4.1,0
Tomatoes,3282.0,132.9,10,7,1518.62,5.9,2
Tomatoes,2643.9,109.0,10,3,1722.43,-14.7,2
Potatoes,1789.29,7.9,5,26,375.34,15.4,2
Tomatoes,3093.82,80.1,9,2,2382.97,-0.2,0
Tomatoes,3060.64,111.2,10,4,1899.26,-1.3,2
Tomatoes,2851.81,90.3,10,6,1528.59,-8.0,2
Tomatoes,2827.34,65.3,8,0,2476.94,-8.8,0
Mustard,5005.78,102.0,1,27,3726.3,-8.2,1
Mustard,3544.08,57.0,2,25,2251.69,-35.0,1
Potatoes,1701.4,75.5,4,15,849.68,9.8,1
Wheat,2310.11,109.2,2,41,900.43,1.5,2
Tomatoes,3204.87,72.3,9,0,2815.42,3.4,1
Wheat,2227.84,82.3,2,25,1269.05,-2.1,1
Wheat,1914.59,71.2,2,22,1145.14,-15.8,1
Potatoes,1518.15,72.9,3,14,867.48,-2.1,1
Tomatoes,2990.34,140.2,9,2,2051.27,-3.5,0
Tomatoes,2751.55,57.0,10,5,1708.01,-11.2,2
Onions,2323.62,67.3,6,2,1832.15,5.6,0
Wheat,2269.49,16.4,2,11,1845.11,-0.2,0
Wheat,2676.59,148.3,1,15,1779.69,17.7,0
Mustard,4992.53,39.7,2,28,3090.57,-8.4,1
Onions,1988.8,139.1,6,9,894.4,-9.6,0
Mustard,5273.27,44.0,3,1,4880.35,-3.2,0
Mustard,5733.49,26.3,3,39,1627.38,5.2,2
Mustard,5117.4,96.8,1,2,4524.5,-6.1,0
Potatoes,1561.88,24.4,4,22,653.36,0.8,2
Potatoes,1338.26,136.6,3,16,496.12,-13.7,1
Mustard,5593.66,123.0,3,11,3952.49,2.6,0
Onions,1809.66,141.4,4,8,918.83,-17.7,0
Wheat,2786.36,82.9,1,1,2343.44,22.5,2
Onions,2458.21,42.4,6,22,461.4,11.7,2
Tomatoes,2474.9,12.2,10,2,2069.94,-20.2,0
Potatoes,1746.14,108.5,3,28,606.59,12.7,2
Wheat,2250.94,78.0,2,24,1320.7,-1.1,1
Wheat,2708.66,30.0,1,0,2474.49,19.1,2
Tomatoes,2805.79,144.5,8,8,1293.25,-9.5,2
Tomatoes,3112.65,121.5,8,8,1542.25,0.4,2
Mustard,6499.24,77.8,1,19,5332.97,19.3,1
Potatoes,1496.97,84.2,4,19,591.94,-3.4,1
Potatoes,1526.25,5.1,3,12,1148.66,-1.5,0
Onions,2221.19,19.7,5,22,699.91,1.0,2
Mustard,5882.36,119.4,3,31,2310.52,7.9,1
Mustard,4622.84,131.7,1,9,3725.1,-15.2,0
Mustard,5319.21,91.1,3,3,4543.52,-2.4,0
Mustard,4776.92,115.0,2,28,2764.82,-12.4,1
Potatoes,1554.25,123.1,3,0,969.22,0.3,0
Potatoes,1687.18,62.2,4,28,450.52,8.9,2
Mustard,5160.07,121.8,3,12,3534.87,-5.3,0
Onions,2157.51,140.5,4,0,1482.11,-1.9,0
Wheat,2448.33,136.7,1,26,1505.88,7.6,1
Wheat,2927.89,117.1,2,9,2089.4,28.7,0
Onions,2328.35,10.1,5,16,1155.02,5.8,1
Mustard,4175.11,145.0,3,20,2201.03,-23.4,1
Potatoes,1727.26,77.1,3,8,1151.97,11.4,0
Wheat,2022.67,65.7,1,37,1312.15,-11.1,2
Tomatoes,3345.32,86.7,8,6,2056.44,7.9,2
Tomatoes,2800.93,33.7,9,8,1444.26,-9.6,2
Onions,2041.08,67.2,5,25,424.46,-7.2,2
Mustard,4888.86,39.0,2,39,2424.37,-10.3,2
Wheat,2034.9,89.6,2,44,750.95,-10.6,2
Mustard,6206.62,137.6,2,17,4348.78,13.9,0
Wheat,2171.71,43.4,1,7,1851.79,-4.5,0
Onions,2238.36,149.9,6,10,972.19,1.7,0
Onions,2257.28,110.5,6,3,1529.68,2.6,0
Tomatoes,2747.52,33.3,8,1,2373.12,-11.4,0
Mustard,4106.4,106.4,3,3,3354.02,-24.7,0
Tomatoes,3975.35,118.6,8,10,1748.31,28.2,2
Mustard,5797.29,75.7,2,13,4507.55,6.4,0
Tomatoes,3155.38,110.1,10,4,1973.59,1.8,2
Potatoes,1534.63,34.4,5,6,1063.98,-1.0,0
Potatoes,1940.56,59.0,4,22,772.31,25.2,2
Potatoes,1450.63,64.1,4,7,942.8,-6.4,0
Potatoes,1578.07,81.4,4,5,1038.58,1.8,0
Wheat,2512.15,33.7,2,11,1961.43,10.4,0
Potatoes,1236.9,145.7,5,29,83.48,-20.2,2
Onions,2141.36,57.2,4,13,1266.7,-2.7,1
Onions,2101.09,150.0,5,1,1342.55,-4.5,1
Wheat,2159.05,40.3,2,23,1400.59,-5.1,1
Potatoes,1642.99,134.6,5,22,341.51,6.0,2
Potatoes,1544.35,116.3,4,2,942.59,-0.4,0
Potatoes,1697.7,22.9,4,21,757.07,9.5,2
Tomatoes,2939.3,117.1,10,3,1929.92,-5.2,2
Mustard,5697.14,27.0,3,25,2981.66,4.5,1
Tomatoes,2797.97,32.6,10,7,1476.92,-9.7,2
Mustard,5270.47,148.0,2,37,2501.48,-3.3,2
Potatoes,1550.08,76.5,3,6,1047.95,0.0,0
Potatoes,1516.83,28.1,4,19,716.93,-2.1,1
Tomatoes,3718.91,134.6,10,6,1944.85,20.0,2
Tomatoes,3213.55,29.2,9,8,1689.28,3.7,2
Mustard,5238.83,85.7,2,43,2298.23,-3.9,2
Onions,2356.95,84.7,5,3,1755.08,7.1,0
Mustard,5452.06,36.2,1,13,4726.0,0.0,0
Tomatoes,3557.56,48.9,10,10,1306.54,14.8,2
Tomatoes,3130.81,139.6,9,1,2308.23,1.0,0
Wheat,2076.21,42.1,1,7,1767.74,-8.7,0
Tomatoes,3189.36,33.3,10,5,2048.04,2.9,2
Wheat,2617.11,69.4,1,32,1819.99,15.0,2
Onions,1900.55,145.2,4,7,1006.0,-13.6,0
Mustard,5350.77,51.4,3,14,3749.32,-1.8,0
Mustard,5595.09,55.8,1,2,5169.3,2.7,0
Wheat,2162.6,8.1,1,7,1983.78,-4.9,0
Mustard,5233.63,87.0,2,37,2634.03,-4.0,2
Tomatoes,3100.99,133.9,10,0,2436.42,0.0,0
Potatoes,1347.79,50.9,4,15,698.74,-13.0,1
Wheat,2121.7,17.2,2,20,1501.81,-6.7,1
Mustard,5012.64,84.1,3,12,3554.61,-8.0,0
Wheat,2213.68,64.3,1,40,1428.84,-2.7,2
Wheat,2469.22,109.0,1,24,1651.51,8.5,1
Potatoes,2129.0,29.4,5,23,592.11,37.4,2
Tomatoes,3518.23,20.3,8,7,2208.51,13.5,2
Wheat,2664.86,130.9,2,15,1658.46,17.1,0
Mustard,5721.58,149.9,1,28,4103.92,5.0,1
Onions,2060.44,143.5,5,7,1085.05,-6.3,0
Wheat,2300.07,128.0,1,35,1325.67,1.1,2
Wheat,2519.71,121.1,2,27,1300.87,10.8,1
Potatoes,1320.08,125.4,5,0,729.38,-14.8,0
Tomatoes,3566.61,81.2,9,10,1439.74,15.1,2
Onions,2261.38,145.3,4,4,1412.32,2.8,0
Mustard,6039.58,134.3,1,34,4230.29,10.8,2
Onions,2129.94,43.6,6,12,1074.17,-3.2,1
Mustard,6239.92,105.5,3,32,2391.52,14.5,2
Tomatoes,3517.33,52.8,9,10,1476.32,13.5,2
Mustard,5327.91,89.5,3,28,2390.03,-2.2,1
Potatoes,1574.08,52.7,5,23,404.69,1.6,2
Potatoes,1180.67,56.1,4,30,253.29,-23.8,2
Potatoes,1196.22,33.9,3,14,724.73,-22.8,1
Potatoes,1317.52,78.2,4,14,623.68,-15.0,1
Onions,2084.58,13.4,6,19,620.15,-5.2,2
Tomatoes,2495.21,118.7,9,7,1188.74,-19.5,2
Mustard,5477.0,141.5,2,30,3027.65,0.5,1
Mustard,6128.3,85.1,3,19,3699.79,12.4,1
Potatoes,1727.87,81.8,5,28,212.03,11.5,2
Potatoes,1982.39,46.8,3,30,796.79,27.9,2
Wheat,2274.75,18.7,2,6,1964.63,-0.0,0
Tomatoes,2906.03,109.6,9,8,1337.47,-6.3,2
Onions,2282.66,43.5,5,16,1061.45,3.8,1
Mustard,5534.91,83.0,2,44,2383.94,1.6,2
Wheat,2201.82,110.3,1,35,1312.53,-3.2,2
Wheat,1872.11,114.3,1,33,1058.89,-17.7,2
Mustard,5135.66,23.4,2,11,4246.73,-5.8,0
Onions,2870.4,33.3,6,14,1296.14,30.5,1
Wheat,2479.48,66.5,2,42,1056.8,9.0,2
Wheat,2697.97,61.4,2,0,2367.71,18.6,2
Tomatoes,3304.28,26.1,10,8,1602.43,6.6,2
Onions,2207.61,127.0,6,25,238.79,0.3,2
Wheat,2182.98,116.9,1,3,1584.23,-4.0,0
Onions,2236.41,18.2,5,6,1707.64,1.7,0
Mustard,5571.07,113.3,2,12,4237.03,2.2,0
Potatoes,1280.18,119.9,5,28,114.4,-17.4,2
Wheat,2557.25,149.8,1,36,1436.29,12.4,2
Tomatoes,2948.42,139.3,9,10,1040.8,-4.9,2
Mustard,4976.78,130.9,1,38,3310.49,-8.7,2
Onions,2199.86,121.7,5,5,1366.98,-0.0,0
Mustard,6144.78,147.0,2,6,4974.44,12.7,0
Wheat,2606.15,113.8,2,27,1380.34,14.6,1
Onions,2316.11,47.7,4,19,1117.99,5.3,0
Potatoes,1224.42,91.1,4,20,410.79,-21.0,1
Mustard,6345.08,27.5,2,21,4527.78,16.4,1
Wheat,2002.27,113.4,1,24,1242.85,-12.0,1
Tomatoes,3181.34,132.8,8,7,1673.36,2.6,2
Onions,2082.17,87.5,4,7,1370.12,-5.4,0
Mustard,5616.39,112.2,1,1,4969.17,3.1,0
Mustard,5043.36,12.1,3,12,3818.0,-7.5,0
Potatoes,1384.41,70.8,5,24,290.67,-10.7,2
Potatoes,1266.83,44.5,4,2,991.26,-18.3,0
Tomatoes,3986.0,89.3,8,10,1822.3,28.6,2
Tomatoes,3407.73,80.9,10,8,1547.27,9.9,2
Wheat,2102.11,135.4,1,5,1407.24,-7.6,0
Wheat,2435.0,13.3,1,44,1697.58,7.0,2
Tomatoes,2519.45,101.1,9,5,1470.3,-18.7,2
Tomatoes,3777.23,75.3,9,5,2454.87,21.8,2
Onions,2145.62,46.4,5,3,1723.46,-2.5,0
Potatoes,1443.53,123.6,5,10,600.92,-6.9,0
Wheat,2254.13,142.4,1,17,1408.29,-0.9,0
Potatoes,1409.5,64.0,3,8,935.87,-9.1,0
Potatoes,1446.64,92.3,5,2,942.22,-6.7,0
Tomatoes,3199.67,110.0,8,3,2260.42,3.2,2
Onions,2126.19,67.5,4,17,1053.71,-3.4,1
Mustard,4559.0,89.9,2,39,2161.66,-16.3,2
Onions,2314.9,14.5,6,5,1788.91,5.2,0
Onions,2641.42,61.3,6,1,2229.48,20.1,2
Potatoes,1520.02,15.6,3,23,818.07,-1.9,2
Onions,2374.6,98.7,5,0,1882.96,7.9,1
Wheat,2804.51,125.4,1,23,1882.71,23.3,1
Potatoes,1789.46,11.3,4,25,674.35,15.4,2
Wheat,2578.9,130.3,1,10,1824.51,13.4,2
Mustard,4735.11,103.9,2,27,2820.85,-13.1,1
Potatoes,1246.84,121.4,4,26,254.03,-19.6,2
Mustard,5032.69,109.3,2,31,2788.44,-7.7,1
Potatoes,1752.95,60.5,3,25,795.1,13.1,2
Tomatoes,2991.85,100.9,8,2,2240.08,-3.5,0
Onions,2086.36,68.6,4,8,1402.63,-5.2,1
Tomatoes,2977.93,72.9,10,6,1657.81,-3.9,2
Mustard,6365.4,133.9,3,36,1983.71,16.8,0
Onions,2296.8,122.1,4,1,1660.58,4.4,0
Potatoes,1366.89,140.4,4,10,537.89,-11.8,0
Onions,2080.86,5.6,4,12,1428.02,-5.4,1
Wheat,2432.0,115.8,2,32,1147.15,6.9,2
Onions,2516.06,132.9,5,0,1867.69,14.4,0
Wheat,2116.47,150.0,1,14,1281.61,-7.0,0
Onions,2289.38,30.3,6,6,1616.45,4.1,0
Wheat,2255.52,30.7,1,40,1539.92,-0.9,2
Mustard,6006.71,14.4,1,5,5626.17,10.2,2
Tomatoes,3261.85,146.4,9,9,1304.44,5.2,2
Potatoes,1493.18,122.0,3,27,469.96,-3.7,2
Onions,1921.42,27.8,6,7,1283.71,-12.7,0
Tomatoes,3195.66,91.8,8,0,2718.65,3.1,1
Potatoes,1625.88,141.1,4,22,452.37,4.9,2
Potatoes,1616.03,49.0,3,9,1142.37,4.3,0
Wheat,2103.42,72.8,1,4,1692.14,-7.5,0
Mustard,5258.62,21.0,1,13,4635.31,-3.5,0
Mustard,4614.1,123.6,3,30,1824.18,-15.3,1
Tomatoes,3196.24,101.6,10,0,2675.12,3.1,1
Mustard,5927.65,12.9,2,36,3255.6,8.8,2
Onions,2215.7,121.0,5,22,553.14,0.7,2
Mustard,4752.39,113.4,2,29,2703.87,-12.8,1
Tomatoes,3118.59,51.9,9,4,2212.97,0.6,2
Mustard,4744.85,58.2,1,18,3914.14,-12.9,0
Onions,2299.55,29.2,4,17,1230.39,4.5,1
Wheat,2178.05,136.9,2,29,990.02,-4.3,1
Tomatoes,2616.53,15.4,8,5,1878.57,-15.6,2
Wheat,2573.14,136.7,2,38,1037.15,13.1,2
Wheat,1871.93,96.9,2,10,1230.63,-17.7,0
Wheat,2292.0,143.9,2,24,1138.21,0.7,1
Potatoes,1398.88,31.0,3,24,673.02,-9.7,2
Potatoes,1389.4,67.0,3,2,1021.95,-10.4,0
Wheat,2610.28,74.4,1,40,1689.69,14.7,2
Tomatoes,3124.84,107.1,9,7,1605.0,0.8,2
Onions,1990.0,140.8,6,10,842.62,-9.5,0
Onions,2237.73,75.0,4,15,1187.5,1.7,1
Mustard,6844.18,76.3,3,13,4874.78,25.6,0
Tomatoes,2813.11,5.5,9,7,1694.23,-9.3,2
Potatoes,1220.04,10.5,5,7,894.78,-21.3,0
Wheat,2462.81,12.6,1,43,1734.76,8.3,2
Mustard,5049.11,65.3,2,29,3034.59,-7.4,1
Onions,1975.44,36.2,6,19,543.12,-10.2,2
Potatoes,1449.37,94.2,5,11,667.64,-6.5,0
Potatoes,1575.15,128.3,5,20,386.52,1.6,1
Wheat,2557.16,45.9,2,11,1995.94,12.4,0
Onions,1873.88,99.8,5,5,1179.21,-14.8,0
Tomatoes,3115.62,87.6,8,9,1510.37,0.5,2
Potatoes,1727.08,49.3,4,21,729.46,11.4,2
Wheat,2916.3,115.7,2,32,1439.79,28.2,2
Tomatoes,2851.68,146.1,8,10,1111.34,-8.0,2
Onions,2399.2,133.7,6,11,1056.74,9.1,1
Potatoes,1581.26,47.5,5,20,534.35,2.0,1
Tomatoes,2226.8,140.3,9,10,713.42,-28.2,2
Tomatoes,3623.49,127.2,9,6,2013.55,16.9,2
Tomatoes,2650.4,98.2,9,5,1573.51,-14.5,2
Potatoes,1645.19,113.6,5,28,176.17,6.1,2
Potatoes,1665.08,82.8,4,21,624.55,7.4,2
Mustard,5037.8,127.2,2,8,3945.64,-7.6,0
Onions,1735.87,128.9,5,15,616.61,-21.1,1
Wheat,1987.87,105.6,1,21,1287.33,-12.6,1
Tomatoes,2257.89,10.6,10,0,2149.13,-27.2,0
Mustard,4639.33,116.2,1,4,3927.08,-14.9,0
Wheat,1864.72,103.0,1,11,1273.91,-18.0,0
Mustard,5462.56,45.6,1,40,3912.56,0.2,2
Potatoes,1291.53,16.4,3,12,915.16,-16.7,0
Tomatoes,3399.8,112.3,8,5,2148.11,9.7,2
Wheat,2158.31,16.1,1,44,1485.65,-5.1,2
Wheat,2481.98,5.4,2,32,1478.36,9.1,2
Wheat,1909.18,138.0,1,11,1167.5,-16.1,0
Wheat,2439.02,130.1,2,36,1025.12,7.2,2
Wheat,1852.43,104.8,1,24,1150.28,-18.6,1
Mustard,6271.8,24.6,2,0,5998.76,15.1,2
Tomatoes,3025.6,44.6,10,6,1769.21,-2.4,2
Potatoes,1555.86,40.8,3,1,1317.0,0.4,0
Potatoes,1678.35,24.0,4,28,492.26,8.3,2
Potatoes,1486.0,77.1,5,7,876.37,-4.1,0
Potatoes,1480.34,146.1,5,3,721.89,-4.5,0
Mustard,5335.77,13.4,1,0,5148.65,-2.1,0
Onions,2206.68,75.2,6,12,1036.12,0.3,1
Tomatoes,3097.26,81.0,8,7,1773.42,-0.1,2
Wheat,2330.13,11.3,1,16,2003.02,2.4,1
Onions,2161.17,99.9,4,17,987.69,-1.8,1
Potatoes,1182.88,145.6,4,15,322.57,-23.7,1
Onions,1969.62,20.2,4,22,853.86,-10.5,2
Tomatoes,3279.06,6.6,10,8,1650.42,5.8,2
Wheat,2558.54,22.8,1,44,1744.74,12.5,2
Wheat,2300.43,15.2,2,32,1332.54,1.1,2
Tomatoes,2980.82,142.0,9,1,2158.96,-3.8,0
Tomatoes,2438.06,75.5,10,6,1311.71,-21.4,2
Potatoes,1399.17,95.8,3,12,737.03,-9.7,0
Wheat,2375.14,117.3,1,20,1583.81,4.4,1
Onions,2203.78,95.8,4,2,1645.63,0.2,0
Mustard,6097.73,39.7,3,32,2432.73,11.9,2
Mustard,3597.2,124.3,2,14,2467.63,-34.0,0
Tomatoes,3605.62,110.8,8,3,2597.88,16.3,2
Potatoes,1840.76,68.6,3,22,903.13,18.8,2
Mustard,6363.93,45.0,2,27,4079.09,16.8,1
Wheat,2131.39,55.2,1,11,1718.9,-6.3,0
Tomatoes,3519.33,71.1,8,7,2077.65,13.5,2
Onions,2093.32,147.3,4,16,855.38,-4.8,1
Tomatoes,2803.52,90.9,8,2,2113.91,-9.6,0
Onions,2030.75,92.7,4,5,1384.23,-7.7,0
Tomatoes,4150.65,133.6,8,6,2468.1,33.9,2
Tomatoes,3436.47,72.5,8,2,2749.51,10.9,1
Tomatoes,2762.66,17.0,10,9,1198.49,-10.9,2
Onions,1746.85,41.7,6,4,1304.77,-20.6,0
Onions,1837.89,131.5,5,24,338.63,-16.5,2
Tomatoes,3264.55,118.3,9,5,1946.84,5.3,2
Mustard,5479.72,134.8,1,25,4049.0,0.5,1
Potatoes,1530.48,21.0,3,9,1151.3,-1.3,0
Potatoes,1663.98,46.3,5,27,270.25,7.4,2
Potatoes,1643.35,105.9,3,2,1093.11,6.0,0
Onions,2024.82,22.4,5,15,1017.46,-8.0,1
Onions,2426.18,11.8,6,4,1974.67,10.3,1
Mustard,5710.32,125.8,1,0,5030.01,4.8,0
Potatoes,1427.24,62.3,5,9,816.39,-7.9,0
Potatoes,1751.28,52.4,4,12,1054.08,13.0,0
Tomatoes,2278.52,61.0,8,10,1018.39,-26.5,2
Onions,2139.13,9.3,5,6,1673.25,-2.8,0
Potatoes,1473.64,67.6,3,29,544.9,-4.9,2
Mustard,5544.99,35.1,1,36,4095.22,1.7,2
Mustard,4159.23,142.7,1,7,3289.67,-23.7,0
Potatoes,1676.6,14.3,4,24,660.28,8.2,2
Onions,1859.6,134.9,5,9,887.21,-15.5,0
Mustard,6305.77,67.4,1,16,5312.22,15.7,1
Tomatoes,3459.55,10.9,8,0,3324.96,11.6,2
Mustard,5007.68,81.4,2,41,2306.94,-8.1,2
Wheat,2075.75,14.6,1,19,1724.72,-8.8,1
Wheat,2814.01,82.2,2,11,2072.64,23.7,0
Onions,2048.25,14.9,4,14,1273.48,-6.9,1
Potatoes,1435.31,88.2,5,11,676.5,-7.4,0
Onions,2207.77,13.2,4,12,1484.1,0.4,1
Onions,1894.23,79.3,6,16,635.79,-13.9,1
Onions,2278.53,73.3,4,5,1674.74,3.6,0
Onions,2236.83,77.0,4,2,1757.0,1.7,0
Tomatoes,3209.83,115.3,9,8,1492.01,3.5,2
Tomatoes,3011.38,61.6,8,3,2288.9,-2.9,2
Mustard,4605.66,76.5,2,20,3168.67,-15.5,1
Wheat,2364.7,96.8,2,41,955.96,3.9,2
Onions,2214.05,22.5,5,12,1302.25,0.6,1
Mustard,4913.16,17.9,3,6,4199.09,-9.9,0
Wheat,2775.74,148.1,2,21,1536.22,22.0,1
Potatoes,1661.3,146.5,3,13,742.12,7.2,1
Tomatoes,2689.62,13.9,10,4,1939.84,-13.2,2
Wheat,2499.01,88.0,1,11,1917.53,9.8,0
Potatoes,1616.65,36.4,3,10,1120.05,4.3,0
Wheat,1948.34,41.9,1,44,1266.53,-14.4,2
Tomatoes,2757.22,83.8,8,3,1990.18,-11.1,2
Tomatoes,2889.67,69.4,9,7,1567.18,-6.8,2
Mustard,5671.1,81.4,1,3,5097.93,4.1,0
Onions,2370.54,35.5,4,25,844.05,7.8,2
Wheat,2070.29,35.6,1,2,1793.5,-9.0,0
Wheat,2021.93,15.9,2,25,1320.26,-11.1,1
Potatoes,1640.79,54.3,5,0,1363.62,5.9,1
Tomatoes,3757.51,21.9,8,4,2869.18,21.2,2
Wheat,2025.87,103.2,1,34,1210.68,-11.0,2
Tomatoes,3097.69,144.3,10,0,2386.39,-0.1,0
Wheat,2212.83,58.3,2,21,1425.86,-2.7,1
Mustard,5917.93,126.3,1,37,4069.89,8.6,2
Onions,2209.91,53.5,5,6,1578.47,0.5,0
Wheat,2573.06,25.3,1,9,2241.83,13.1,0
Tomatoes,3109.88,18.8,8,2,2653.13,0.3,1
Mustard,5415.66,41.2,1,31,4169.26,-0.6,1
Wheat,2392.15,143.9,2,4,1615.31,5.1,0
Potatoes,1698.06,92.5,4,23,559.04,9.6,2
Onions,2327.76,63.7,4,7,1659.47,5.8,0
Wheat,2276.78,37.7,2,33,1211.05,0.1,2
Mustard,5084.51,86.4,3,25,2526.71,-6.7,1
Potatoes,1431.56,93.4,5,25,245.66,-7.6,2
Mustard,5012.93,113.5,2,11,3820.87,-8.0,0
Mustard,6157.54,110.6,2,15,4540.09,13.0,0
Potatoes,1938.37,89.9,5,1,1450.2,25.1,1
Mustard,5912.85,22.3,3,20,3622.91,8.5,1
Potatoes,1730.68,126.9,5,0,1125.02,11.7,0
Wheat,2459.69,62.1,2,36,1210.43,8.1,2
Potatoes,1680.77,90.7,4,18,703.75,8.4,1
Potatoes,1451.85,64.3,5,17,555.4,-6.3,1
Onions,2209.21,70.2,4,4,1671.61,0.4,0
Potatoes,1294.15,9.1,4,23,543.72,-16.5,2
Potatoes,1248.25,47.4,5,0,1009.99,-19.5,0
Wheat,1973.87,111.3,1,37,1115.3,-13.2,2
Onions,2636.47,113.2,5,0,2074.34,19.8,1
Tomatoes,3331.79,62.2,8,2,2698.67,7.5,0
Wheat,1917.2,75.9,1,16,1389.72,-15.7,0
Wheat,2124.29,69.4,1,0,1769.5,-6.6,0
Tomatoes,2923.24,128.3,8,10,1189.46,-5.7,2
Potatoes,1768.27,49.2,4,4,1366.4,14.1,0
Mustard,6203.83,136.1,2,30,3499.07,13.8,1
Onions,1878.61,121.8,6,5,1060.21,-14.6,0
Mustard,5081.48,126.9,1,24,3773.93,-6.8,1
Tomatoes,3087.67,145.8,8,4,1914.81,-0.4,2
Wheat,2041.62,18.4,2,4,1799.65,-10.3,0
Wheat,2625.75,26.1,2,43,1169.65,15.4,2
Onions,2209.07,88.6,4,6,1511.86,0.4,0
Wheat,2117.33,133.0,1,13,1361.32,-6.9,0
Wheat,2533.01,23.7,2,44,1104.55,11.3,2
Onions,2236.1,56.6,4,1,1890.2,1.6,0
Onions,2037.39,79.6,5,16,851.99,-7.4,1
Tomatoes,2719.17,134.1,9,4,1616.09,-12.3,2
Wheat,2535.47,114.2,2,0,1970.86,11.4,0
Wheat,2607.65,110.3,1,6,1985.02,14.6,0
Tomatoes,3066.59,50.9,8,0,2776.21,-1.1,1
Potatoes,1556.1,65.2,4,15,788.21,0.4,1
Potatoes,1878.49,133.0,3,14,929.33,21.2,1
Potatoes,2068.21,144.9,5,0,1374.8,33.4,1
Tomatoes,3963.41,140.9,10,7,1885.05,27.9,2
Wheat,2439.75,116.4,1,29,1542.27,7.2,1
Tomatoes,3697.59,109.3,8,5,2380.16,19.3,2
Tomatoes,3274.3,89.4,10,3,2301.34,5.6,2
Potatoes,1496.72,127.5,5,18,410.8,-3.4,1
Mustard,5766.44,9.9,1,36,4383.9,5.8,2
Wheat,2178.45,120.4,2,3,1535.73,-4.2,0
Potatoes,1547.22,68.4,3,13,925.69,-0.2,1
Mustard,5622.82,143.3,2,30,3113.93,3.2,1
Mustard,5423.62,5.8,3,0,5280.35,-0.5,0
Onions,2157.05,25.3,4,1,1915.02,-2.0,0
Wheat,2037.16,31.0,1,7,1734.38,-10.5,0
Mustard,5565.16,54.5,1,25,4427.32,2.1,1
Potatoes,1742.1,89.1,5,27,248.2,12.4,2
Onions,2108.98,111.7,4,23,700.74,-4.1,2
Wheat,1763.95,7.0,1,43,1251.51,-22.5,2
Tomatoes,3118.47,123.2,8,8,1541.05,0.6,2
Potatoes,1735.39,144.4,4,21,521.24,12.0,2
Mustard,5317.12,94.0,2,15,3925.98,-2.4,0
Mustard,4944.9,95.6,1,6,4256.83,-9.3,0
Potatoes,1556.0,19.9,5,18,646.52,0.4,1
Mustard,6638.06,52.0,1,28,5217.72,21.8,1
Onions,2207.51,54.5,6,9,1296.64,0.3,0
Wheat,2280.93,9.5,2,5,2047.61,0.3,0
Onions,2483.07,47.6,6,7,1659.97,12.9,0
Mustard,5250.23,61.8,1,0,4867.13,-3.7,0
Tomatoes,2733.64,92.5,8,3,1936.89,-11.8,2
Wheat,2430.2,70.8,1,23,1778.3,6.8,1
Wheat,2608.23,60.3,1,11,2133.92,14.6,0
Potatoes,1554.26,94.2,5,16,571.62,0.3,1
Potatoes,1883.46,57.6,3,23,929.74,21.5,2
Tomatoes,3564.62,96.5,10,10,1223.63,15.0,2
Wheat,2585.0,108.7,2,38,1112.02,13.6,2
Tomatoes,3167.55,61.9,10,8,1469.34,2.2,2
Potatoes,1966.33,34.9,4,30,480.93,26.9,2
Potatoes,1375.35,131.0,3,29,362.49,-11.3,2
Wheat,2634.17,14.7,2,12,2134.25,15.8,0
Onions,2161.76,76.6,6,21,432.81,-1.7,2
Mustard,5890.89,98.6,1,29,4402.06,8.1,1
Potatoes,1456.89,87.8,3,1,1014.06,-6.0,0
Potatoes,1447.28,33.5,3,10,998.21,-6.6,0
Onions,1910.35,126.7,6,17,505.17,-13.2,1
Onions,2805.06,134.4,4,7,1783.94,27.5,0
Tomatoes,3794.7,61.4,9,3,2884.82,22.4,2
Tomatoes,4141.22,18.6,9,10,1815.53,33.6,2
Mustard,5808.83,60.6,3,15,3956.57,6.6,0
Mustard,5585.69,44.9,1,40,4006.66,2.5,2
Wheat,2159.2,76.1,1,37,1379.83,-5.1,2
Tomatoes,3360.43,52.1,10,9,1407.03,8.4,2
Potatoes,1691.62,49.9,3,18,968.87,9.1,1
Tomatoes,3315.71,17.7,10,6,2011.65,7.0,2
Potatoes,1744.87,103.6,5,0,1243.77,12.6,0
Onions,2142.84,22.6,4,25,785.75,-2.6,2
Tomatoes,2750.6,16.5,10,5,1817.61,-11.3,2
Onions,1996.93,20.3,6,0,1835.19,-9.2,0
Mustard,5609.68,91.5,1,22,4414.42,2.9,1
Mustard,7175.17,22.7,2,32,4247.61,31.7,2
Wheat,2357.41,57.7,2,23,1484.64,3.6,1
Tomatoes,2726.72,28.8,8,8,1539.62,-12.0,2
Onions,2112.52,140.1,5,9,1051.07,-4.0,0
Potatoes,1738.11,16.5,5,6,1315.57,12.1,0
Mustard,5899.04,125.6,2,30,3338.15,8.2,1
Mustard,5871.23,90.0,2,6,4963.69,7.7,0
Potatoes,1578.62,42.6,4,18,769.84,1.8,1
Onions,2229.95,27.3,6,6,1584.9,1.4,0
Onions,2249.06,34.0,6,21,488.02,2.2,2
Tomatoes,3638.96,36.9,10,10,1337.91,17.4,2
Tomatoes,2982.79,100.7,10,5,1728.99,-3.8,2
Wheat,2586.25,137.4,2,21,1433.34,13.7,1
Mustard,6802.66,42.6,3,15,4726.68,24.8,1
Tomatoes,2716.98,111.6,9,3,1810.45,-12.4,2
Onions,1854.63,57.7,4,22,735.32,-15.7,2
Potatoes,1935.72,105.6,3,1,1396.21,24.9,0
Onions,1992.42,48.6,5,22,589.52,-9.4,2
Mustard,5018.37,109.8,2,9,3946.12,-7.9,0
Onions,1995.36,38.4,5,8,1311.04,-9.3,0
Wheat,2655.03,38.0,1,19,2103.3,16.7,1
Mustard,5522.68,120.1,2,41,2474.86,1.3,2
Potatoes,1700.49,117.7,3,13,870.81,9.7,1
Wheat,2111.45,71.3,1,16,1580.53,-7.2,0
Mustard,5956.13,19.8,2,14,4757.55,9.3,1
Potatoes,1664.92,108.1,3,7,1000.88,7.4,0
Wheat,2343.43,107.4,1,24,1552.15,3.0,1
Wheat,2459.72,31.6,1,5,2154.3,8.1,0
Mustard,5332.85,129.7,2,27,3138.36,-2.1,1
Tomatoes,2722.06,27.2,8,4,2023.57,-12.2,2
Wheat,1801.93,70.1,1,15,1319.9,-20.8,0
Wheat,2794.01,104.5,2,1,2240.67,22.8,0
Potatoes,1213.68,93.4,4,25,307.64,-21.7,2
Onions,2512.2,117.8,6,16,819.11,14.2,1
Mustard,3837.09,70.0,1,15,3135.27,-29.6,0
Mustard,6033.56,59.0,2,21,4224.25,10.7,1
Tomatoes,3319.46,24.5,8,5,2360.61,7.1,2
Tomatoes,3004.55,40.9,9,0,2760.41,-3.1,0
Mustard,5737.4,11.9,2,24,3952.49,5.3,1
Tomatoes,3571.68,112.6,9,3,2508.59,15.2,2
Potatoes,1254.23,49.3,4,25,402.92,-19.1,2
Mustard,5015.32,91.3,3,15,3288.04,-8.0,0
Tomatoes,2821.23,103.5,10,4,1747.28,-9.0,2
Mustard,5247.71,38.9,1,35,3878.39,-3.7,2
Onions,2591.33,145.8,5,5,1600.89,17.8,0
Wheat,1993.13,105.2,2,8,1337.8,-12.4,0
Mustard,5487.69,63.4,2,41,2587.06,0.7,2
Wheat,2132.31,40.0,2,24,1316.96,-6.3,1
Tomatoes,3508.38,107.4,10,7,1713.85,13.2,2
Wheat,2274.63,87.9,2,15,1503.54,-0.0,0
Mustard,6452.58,109.7,1,30,4780.5,18.4,1
Onions,2520.16,100.6,6,22,419.55,14.6,2
Tomatoes,2950.45,33.7,8,7,1785.66,-4.8,0
Mustard,5921.68,46.9,1,9,5290.22,8.7,0
Tomatoes,2261.96,140.7,10,0,1583.57,-27.0,0
Potatoes,1612.49,53.6,3,17,929.29,4.0,1
Wheat,2746.07,114.9,1,15,1978.43,20.7,1
Potatoes,1689.93,64.1,4,26,514.25,9.0,2
Mustard,5081.07,101.3,1,9,4279.32,-6.8,0
Onions,2102.21,27.9,5,6,1552.07,-4.4,0
Tomatoes,3218.22,58.2,8,0,2891.96,3.8,1
Wheat,2093.86,139.7,1,41,1073.19,-8.0,2
Tomatoes,2727.35,41.1,9,6,1681.79,-12.0,2
Mustard,5137.7,90.5,3,14,3461.52,-5.7,0
Tomatoes,3249.64,70.5,10,7,1663.09,4.8,2
Wheat,2635.63,19.8,2,4,2345.84,15.9,2
Mustard,6265.59,52.6,3,16,4203.35,15.0,0
Tomatoes,3422.92,57.2,10,4,2353.77,10.4,2
Onions,2481.26,120.7,6,2,1752.51,12.8,0
Mustard,5281.24,120.1,3,7,4051.13,-3.1,0
Mustard,4650.01,8.2,3,11,3615.26,-14.7,0
Onions,2576.1,54.7,6,19,719.98,17.1,2
Potatoes,1864.78,90.4,5,28,227.31,20.3,2
Wheat,2314.4,62.7,1,16,1795.31,1.7,0
Potatoes,1481.44,146.5,3,23,464.44,-4.4,2
Tomatoes,3400.22,102.5,10,9,1320.64,9.7,2
Onions,2162.99,68.4,4,9,1420.55,-1.7,0
Potatoes,1568.24,143.6,4,2,847.92,1.2,0
Mustard,6706.87,7.9,2,40,3393.17,23.1,2
Tomatoes,2026.14,34.2,8,0,1780.42,-34.6,0
Tomatoes,2448.64,78.7,10,2,1800.06,-21.0,0
Potatoes,1516.99,62.4,4,2,1147.97,-2.1,0
Potatoes,1546.98,113.3,5,24,281.73,-0.2,2
Onions,2505.4,34.9,5,23,696.23,13.9,2
Wheat,2414.33,102.5,2,18,1493.36,6.1,0
Potatoes,1880.75,30.7,5,29,248.84,21.3,2
Potatoes,1260.25,87.1,3,12,660.99,-18.7,0
Mustard,4969.46,118.8,1,20,3815.21,-8.8,1
Tomatoes,3293.58,8.9,8,10,1650.64,6.2,2
Wheat,2255.43,33.6,2,16,1623.05,-0.9,0
Mustard,5261.71,82.0,3,40,1340.49,-3.5,2
Onions,2264.69,80.0,5,4,1636.27,2.9,0
Onions,1967.68,119.5,5,8,1056.84,-10.6,0
Potatoes,1600.07,93.1,5,29,172.37,3.2,2
Potatoes,1550.35,47.6,4,29,396.76,0.0,2
Onions,1725.1,52.0,6,17,565.16,-21.6,1
Potatoes,1901.41,125.3,5,11,870.69,22.7,0
Wheat,2463.34,73.2,1,24,1784.48,8.3,1
Potatoes,1415.81,145.6,3,5,666.39,-8.7,0
Tomatoes,3303.73,70.2,9,7,1817.33,6.6,2
Potatoes,1575.33,77.4,5,4,1052.06,1.6,0
Mustard,5911.18,35.3,3,28,2768.25,8.5,0
Wheat,1694.85,5.2,2,22,1199.5,-25.5,1
Mustard,5657.61,115.4,3,22,3035.2,3.8,1
Mustard,5063.47,87.7,3,7,3992.04,-7.1,0
Tomatoes,3263.7,6.7,9,9,1623.33,5.3,2
Wheat,2199.65,21.9,2,39,1076.9,-3.3,2
Wheat,2182.43,130.1,2,24,1105.97,-4.1,1
Wheat,2284.39,70.3,2,44,907.35,0.4,2
Wheat,2243.12,35.0,2,26,1367.92,-1.4,1
Wheat,2445.06,31.1,1,41,1666.01,7.5,2
Tomatoes,3773.44,118.9,9,0,3162.92,21.7,2
Potatoes,1401.0,110.9,3,30,402.01,-9.6,2
Mustard,5864.29,104.4,1,22,4580.61,7.6,1
Wheat,2164.14,149.4,2,13,1222.58,-4.9,0
Potatoes,1254.5,18.9,5,5,948.61,-19.1,0
Potatoes,1597.73,109.6,3,7,937.43,3.1,0
Mustard,6766.7,5.4,3,28,3273.09,24.2,1
Tomatoes,3448.21,140.2,8,7,1824.9,11.2,2
Onions,2405.11,38.6,4,8,1717.33,9.3,0
Onions,1944.08,135.3,4,7,1078.56,-11.6,0
Potatoes,1320.5,8.2,3,6,1110.44,-14.8,0
Mustard,5590.08,93.3,3,14,3783.7,2.6,0
Onions,2346.23,91.4,5,16,981.76,6.6,1
Potatoes,1794.05,31.9,3,16,1115.54,15.7,1
Tomatoes,3448.23,75.1,8,8,1873.45,11.2,2
Onions,2584.45,28.6,6,4,2021.15,17.5,1
Potatoes,1539.98,75.7,5,25,292.13,-0.6,2
Potatoes,1614.44,61.8,5,3,1186.69,4.2,0
Wheat,2299.6,119.2,1,42,1284.47,1.1,2
Tomatoes,3417.48,143.6,10,3,2216.4,10.2,2
Wheat,2612.34,129.6,2,29,1288.93,14.8,1
Mustard,4546.32,121.4,2,15,3205.46,-16.6,0
Wheat,1848.98,18.2,1,28,1416.73,-18.7,1
Wheat,2146.69,63.8,1,14,1664.06,-5.6,0
Onions,2251.46,125.1,6,22,341.84,2.3,2
Potatoes,1542.57,100.1,5,8,806.56,-0.5,0
Tomatoes,3485.47,135.5,9,3,2351.44,12.4,2
Wheat,1862.14,62.0,1,27,1295.46,-18.1,1
Tomatoes,2803.75,15.1,10,1,2497.65,-9.6,0
Wheat,2249.91,55.0,2,43,947.39,-1.1,2
Mustard,5335.44,37.1,1,35,3954.84,-2.1,2
Wheat,2324.34,117.5,1,22,1518.22,2.2,1
Onions,2574.41,63.4,6,5,1834.85,17.0,0
Potatoes,1154.94,83.7,5,12,483.32,-25.5,0
Mustard,5720.51,77.1,3,25,2892.53,5.0,1
Wheat,2903.75,132.5,2,9,2006.49,27.6,0
Tomatoes,3019.46,132.2,8,9,1342.85,-2.6,2
Mustard,5308.31,87.9,1,0,4806.59,-2.6,0
Mustard,5991.0,79.2,2,26,3794.17,9.9,1
Wheat,2338.94,127.5,1,0,1718.41,2.8,0
Mustard,5475.95,45.2,2,31,3242.38,0.5,1
Tomatoes,2691.2,104.6,10,7,1256.67,-13.2,2
Mustard,5899.58,122.5,1,45,3818.15,8.2,2
Tomatoes,2987.57,78.2,10,9,1184.92,-3.6,2
Wheat,2500.17,84.3,2,36,1176.22,9.9,2
Potatoes,1577.88,49.4,3,1,1300.19,1.8,0
Mustard,5922.82,116.4,1,10,4963.73,8.7,0
Potatoes,1864.77,58.9,4,1,1524.93,20.3,0
Tomatoes,2234.7,67.9,9,1,1782.7,-27.9,0
Mustard,5389.47,144.3,3,7,4048.66,-1.1,0
Onions,2207.92,79.3,5,9,1319.05,0.4,0
Potatoes,2031.01,29.7,5,6,1486.0,31.0,1
Mustard,5444.7,136.1,3,36,1662.62,-0.1,2
Potatoes,1848.2,132.8,5,10,849.55,19.2,0
Mustard,4858.01,49.9,2,21,3393.15,-10.9,1
Wheat,2111.88,8.5,1,43,1497.83,-7.2,2
Potatoes,1518.51,139.5,5,16,447.4,-2.0,1
Onions,2300.26,99.0,5,24,506.45,4.6,2
Onions,2261.3,109.9,5,10,1205.07,2.8,0
Tomatoes,3349.03,125.8,9,9,1396.0,8.0,2
Mustard,5756.62,133.1,1,27,4225.65,5.6,1
Potatoes,1452.06,114.3,3,23,532.48,-6.3,2
Tomatoes,2608.09,101.5,10,8,1091.57,-15.9,2
Potatoes,1618.32,66.6,4,27,452.76,4.4,2
Mustard,5177.92,74.7,1,6,4567.64,-5.0,0
Onions,1989.3,66.8,6,7,1233.39,-9.6,0
Wheat,2138.73,111.4,1,1,1585.09,-6.0,0
Onions,2401.68,115.3,4,19,998.13,9.2,2
Tomatoes,3087.31,117.7,8,5,1896.89,-0.4,2
Wheat,2666.37,35.9,2,9,2138.7,17.2,0
Tomatoes,2844.16,121.9,10,4,1701.43,-8.3,2
Mustard,5209.85,121.6,2,42,2260.99,-4.4,2
Wheat,2353.5,127.7,1,20,1523.97,3.5,1
Tomatoes,2814.64,107.2,9,6,1538.54,-9.2,2
Mustard,5242.54,55.9,2,43,2364.89,-3.8,2
Onions,1912.66,100.5,5,20,568.86,-13.1,2
Mustard,7124.57,17.7,3,30,3162.9,30.7,1
Potatoes,1630.42,13.4,3,15,1107.71,5.2,1
Mustard,4980.96,78.5,2,19,3495.69,-8.6,1
Mustard,5361.84,115.7,1,28,3938.65,-1.6,1
Potatoes,1234.55,127.0,4,7,531.11,-20.4,0
Tomatoes,3006.91,10.9,8,8,1774.93,-3.0,2
Tomatoes,2981.78,47.7,10,0,2707.49,-3.8,0
Mustard,4423.75,50.5,3,35,1519.97,-18.8,2
Potatoes,1505.2,145.4,4,15,525.31,-2.9,1
Potatoes,1677.42,65.4,4,9,1058.06,8.2,0
Onions,1594.93,64.6,4,18,722.68,-27.5,2
Tomatoes,3101.47,141.8,9,1,2271.67,0.0,0
Wheat,2113.54,88.2,2,40,870.67,-7.1,2
Tomatoes,3027.2,17.0,9,8,1627.12,-2.3,2
Tomatoes,3013.49,99.6,9,8,1422.85,-2.8,2
Onions,2232.4,77.0,4,21,913.26,1.5,2
Wheat,2270.99,20.2,1,27,1763.46,-0.2,1
Onions,2353.14,126.2,6,25,260.73,7.0,2
Wheat,2413.7,87.0,1,7,1891.02,6.1,0
Mustard,5705.93,138.0,3,17,3449.74,4.7,2
Wheat,2047.0,18.8,2,10,1666.07,-10.0,0
Onions,2225.1,123.5,6,12,922.91,1.1,1
Tomatoes,3415.53,106.2,9,5,2094.6,10.2,2
Wheat,2361.69,62.3,2,3,1960.88,3.8,0
Wheat,2194.14,77.9,2,8,1626.94,-3.6,0
Potatoes,1379.89,81.4,3,22,595.54,-11.0,2
Tomatoes,2925.9,82.1,9,2,2228.16,-5.6,0
Mustard,5299.81,21.2,1,7,4853.82,-2.8,0
Onions,1902.87,36.3,5,5,1399.96,-13.5,0
Mustard,5310.11,79.5,3,16,3450.46,-2.6,0
Tomatoes,3565.93,94.2,8,10,1596.77,15.0,2
Wheat,1959.15,91.2,2,42,748.75,-13.9,2
Wheat,2363.04,62.1,2,42,1010.02,3.9,2
Tomatoes,3697.19,101.8,9,5,2310.56,19.3,2
Wheat,2609.13,61.4,1,7,2184.86,14.7,0
Wheat,2484.22,61.6,1,35,1704.3,9.2,2
Wheat,2162.01,40.6,1,12,1796.67,-5.0,0
Onions,1696.01,5.8,5,22,553.28,-22.9,2
Onions,2403.17,128.5,5,21,657.44,9.2,2
Potatoes,1031.91,43.4,5,21,301.91,-33.4,0
Mustard,6168.22,82.1,1,20,4994.36,13.2,1
Tomatoes,3459.7,84.7,9,10,1384.3,11.6,2
Tomatoes,3695.83,29.4,8,3,2949.36,19.2,2
Tomatoes,3425.22,59.0,9,6,2089.66,10.5,2
Potatoes,1401.25,93.7,4,10,723.2,-9.6,0
Onions,2234.77,126.2,6,13,863.0,1.6,1
Potatoes,1916.45,103.6,3,18,954.46,23.6,1
Tomatoes,3758.19,29.0,10,4,2666.86,21.2,2
Mustard,5580.48,54.4,2,5,4910.63,2.4,0
Wheat,1821.24,77.2,2,8,1299.42,-19.9,0
Onions,2363.59,12.6,4,18,1272.73,7.4,2
Onions,1867.88,20.0,6,5,1402.63,-15.1,0
Potatoes,1713.52,49.3,5,3,1326.23,10.5,1
Onions,1706.35,86.8,4,1,1250.86,-22.4,0
Tomatoes,2758.8,125.8,9,2,1906.67,-11.0,0
Tomatoes,3276.34,20.6,8,1,2939.03,5.7,1
Potatoes,1679.47,67.3,4,7,1117.4,8.4,0
Tomatoes,2089.25,76.0,8,2,1541.74,-32.6,0
Mustard,5907.94,10.9,2,42,2839.29,8.4,2
Potatoes,1477.38,142.8,5,14,467.03,-4.7,1
Mustard,5787.56,138.8,3,34,1958.32,6.2,2
Wheat,2390.89,111.9,2,27,1243.52,5.1,1
Mustard,5174.69,129.4,3,8,3842.5,-5.1,0
Wheat,2542.71,20.5,1,36,1857.18,11.8,2
Wheat,2402.55,11.5,2,22,1682.13,5.6,1
Mustard,5880.35,113.2,1,22,4559.9,7.9,1
Potatoes,1695.58,95.6,3,4,1142.8,9.4,0
Tomatoes,3462.83,59.9,10,4,2374.26,11.7,2
Tomatoes,3198.43,123.1,8,10,1341.87,3.2,2
Wheat,2599.07,119.8,2,5,1887.51,14.2,0
Wheat,2011.61,26.0,2,23,1314.33,-11.6,1
Potatoes,1558.0,109.0,3,24,588.64,0.5,2
Onions,2381.33,52.3,6,15,965.24,8.2,1
Mustard,5396.44,148.0,2,43,2237.3,-1.0,2
Wheat,2545.6,62.0,1,31,1803.57,11.9,1
Tomatoes,3814.08,104.9,9,10,1502.24,23.0,2
Potatoes,1616.13,90.1,4,13,810.71,4.3,1
Mustard,5486.03,57.2,3,28,2538.98,0.7,1
Potatoes,1682.53,29.7,4,17,870.64,8.6,1
Mustard,5756.27,14.1,3,40,1555.83,5.6,2
Mustard,5809.69,123.7,2,41,2609.52,6.6,2
Wheat,2096.01,100.1,2,10,1411.2,-7.9,0
Potatoes,1355.72,20.7,4,8,973.16,-12.5,0
Potatoes,1215.8,36.8,4,7,807.61,-21.6,0
Tomatoes,3089.66,43.6,8,4,2287.99,-0.3,2
Tomatoes,3477.17,95.2,9,10,1370.44,12.2,2
Wheat,2884.25,6.2,2,7,2555.06,26.8,2
Wheat,2422.16,29.3,1,30,1802.29,6.5,1
Onions,1936.15,5.0,6,12,1060.7,-12.0,1
Tomatoes,3367.53,7.3,8,3,2787.46,8.6,2
Mustard,6640.13,91.9,3,35,2254.7,21.8,2
Potatoes,1918.96,16.0,5,16,927.98,23.8,1
Wheat,2278.24,85.5,2,4,1759.22,0.1,0
Potatoes,1630.62,8.4,5,18,711.9,5.2,1
Potatoes,1176.96,97.0,4,12,510.45,-24.1,0
Onions,2438.91,43.6,4,12,1562.08,10.9,1
Tomatoes,3016.0,74.0,8,8,1615.57,-2.7,2
Wheat,2063.44,70.8,2,22,1253.83,-9.3,2
Potatoes,1804.47,65.1,5,20,590.17,16.4,1
Wheat,2191.36,25.2,1,21,1744.79,-3.7,1
Mustard,4437.06,82.5,1,20,3499.82,-18.6,1
Onions,2011.1,49.1,6,14,867.96,-8.6,1
Mustard,6183.46,117.4,3,26,2942.75,13.5,1
Wheat,2553.91,78.5,1,28,1788.45,12.3,1
Wheat,2667.13,48.0,2,18,1879.87,17.2,0
Tomatoes,3876.13,49.9,9,1,3381.06,25.0,2
Potatoes,1601.88,53.7,3,23,778.32,3.3,2
Potatoes,1556.19,149.5,3,14,637.53,0.4,1
Mustard,6089.8,126.9,2,9,4814.08,11.7,0
Onions,2190.89,120.3,5,3,1461.21,-0.4,0
Potatoes,1642.03,135.8,5,21,369.29,5.9,2
Tomatoes,2999.04,141.8,9,2,2052.46,-3.3,0
Mustard,5146.58,78.2,3,26,2496.01,-5.6,1
Mustard,5154.85,111.1,2,1,4497.18,-5.4,0
Tomatoes,2721.34,85.5,9,10,1049.8,-12.2,2
Onions,2582.82,121.7,4,10,1507.47,17.4,0
Tomatoes,2627.47,133.3,9,10,908.53,-15.2,2
Onions,2037.09,31.4,5,2,1699.47,-7.4,0
Tomatoes,2687.01,69.0,10,0,2322.77,-13.3,0
Tomatoes,3177.69,35.6,8,4,2343.63,2.5,2
Wheat,2290.89,102.7,2,42,884.33,0.7,2
Mustard,5824.38,115.5,1,8,4939.11,6.9,0
Tomatoes,3247.7,55.4,10,10,1173.38,4.8,2
Tomatoes,3297.78,16.3,8,9,1780.13,6.4,2
Potatoes,1634.93,32.3,4,16,867.59,5.5,1
Mustard,5805.66,107.8,1,37,4049.06,6.5,2
Potatoes,1649.07,118.2,4,27,381.63,6.4,2
Mustard,5378.15,131.7,3,39,1394.03,-1.3,2
Potatoes,1515.76,132.1,4,26,335.01,-2.2,2
Tomatoes,2402.5,48.6,8,2,1930.72,-22.5,0
Tomatoes,3538.96,122.8,10,7,1691.04,14.2,2
Wheat,2722.25,15.2,2,6,2391.09,19.7,2
Potatoes,1661.02,6.2,4,6,1361.55,7.2,0
Onions,2299.51,62.4,6,15,907.45,4.5,2
Wheat,2178.68,18.9,2,21,1512.24,-4.2,1
Potatoes,1635.8,78.7,3,22,754.36,5.5,2
Potatoes,1378.07,72.8,4,6,875.61,-11.1,0
Wheat,2756.82,43.3,1,1,2491.79,21.2,2
Tomatoes,4138.7,89.5,10,1,3433.99,33.5,2
Potatoes,1694.38,117.7,4,24,479.48,9.3,2
Tomatoes,2919.98,124.3,9,4,1804.95,-5.8,2
Wheat,2414.44,149.9,1,10,1590.11,6.1,0
Tomatoes,2508.27,108.7,9,5,1437.34,-19.1,2
Mustard,6273.77,15.1,2,13,5112.69,15.1,0
Onions,2737.91,119.9,5,19,921.75,24.5,2
Potatoes,1437.32,68.5,4,21,545.76,-7.3,2
Onions,2145.75,49.2,6,20,526.8,-2.5,2
Tomatoes,2362.65,101.0,9,9,956.5,-23.8,2
Potatoes,1192.55,108.8,3,8,581.31,-23.1,0
Tomatoes,2872.93,50.9,8,6,1841.53,-7.3,2
Mustard,5687.1,123.2,2,42,2489.4,4.4,2
Wheat,2500.76,45.6,1,0,2245.54,9.9,0
Potatoes,1268.77,95.4,5,21,301.22,-18.1,2
Mustard,6136.58,97.5,1,39,4270.53,12.6,2
Mustard,4784.59,89.7,3,4,3976.71,-12.2,0
Potatoes,1401.8,72.4,5,6,859.33,-9.6,0
Tomatoes,3184.62,59.8,9,0,2851.83,2.7,1
Mustard,4926.58,93.3,3,13,3376.68,-9.6,0
Onions,2068.27,16.0,4,15,1235.78,-6.0,1
Mustard,4571.22,40.2,1,10,4040.96,-16.1,0
Tomatoes,3417.69,125.7,9,6,1881.77,10.2,2
Tomatoes,3030.81,148.4,9,1,2178.06,-2.2,0
Onions,2355.5,92.6,4,18,1074.48,7.1,2
Mustard,6067.51,15.3,1,38,4519.57,11.3,2
Tomatoes,2842.94,26.1,10,4,1998.41,-8.3,2
Potatoes,1697.86,143.4,4,11,749.69,9.5,0
Wheat,2643.31,20.5,1,32,1993.69,16.2,2
Wheat,2352.34,132.8,1,20,1502.77,3.4,1
Wheat,2593.76,54.3,2,26,1580.7,14.0,1
Mustard,5214.89,76.9,2,35,2763.43,-4.3,2
Onions,2514.98,12.4,5,0,2390.28,14.3,2
Tomatoes,2830.34,109.1,9,9,1173.35,-8.7,2
Potatoes,1383.43,24.4,3,10,991.68,-10.7,0
Potatoes,1227.36,31.2,4,27,357.5,-20.8,2
Mustard,4715.85,23.5,2,1,4426.77,-13.5,0
Wheat,2263.4,43.1,1,37,1574.81,-0.5,2
Mustard,3908.07,136.9,3,12,2519.67,-28.3,0
Onions,2513.96,11.4,4,21,1188.06,14.3,2
Onions,2376.15,34.8,6,19,669.87,8.0,2
Tomatoes,3268.84,63.6,8,7,1937.06,5.4,2
Tomatoes,3081.93,29.0,8,5,2163.18,-0.6,2
Onions,2147.68,73.3,4,14,1178.52,-2.4,1
Onions,2393.58,66.9,6,13,1087.76,8.8,1
Onions,2030.87,27.9,4,7,1516.61,-7.7,0
Mustard,5657.59,33.8,3,9,4476.29,3.8,0
Onions,2196.22,68.5,4,9,1445.73,-0.2,0
Potatoes,1472.34,24.2,4,1,1266.55,-5.0,0
Wheat,1916.56,82.0,1,34,1201.35,-15.8,2
Onions,2304.01,37.6,5,15,1117.78,4.7,1
Wheat,2094.13,135.8,2,41,732.1,-8.0,2
Mustard,4451.78,92.0,3,40,1105.65,-18.3,2
Wheat,1769.12,64.7,2,44,680.9,-22.2,2
Mustard,6341.31,104.4,2,44,2711.49,16.4,2
Potatoes,1557.87,66.6,4,20,638.05,0.5,1
Mustard,4699.13,78.7,2,30,2720.64,-13.8,1
Mustard,4225.05,123.9,1,13,3303.53,-22.5,0
Tomatoes,3860.55,6.5,9,2,3339.95,24.5,2
Onions,2489.33,100.7,6,13,1056.76,13.2,1
Onions,2004.08,80.8,6,7,1197.1,-8.9,0
Potatoes,1555.63,35.0,3,7,1148.89,0.4,0
Potatoes,1284.52,77.8,5,28,145.4,-17.1,2
Onions,1848.67,56.1,4,13,1072.76,-16.0,1
Tomatoes,3187.14,26.3,9,7,1844.6,2.8,2
Onions,2251.96,111.4,5,20,682.25,2.4,2
Tomatoes,2858.18,108.5,8,9,1313.65,-7.8,2
Potatoes,1457.02,145.1,4,4,700.54,-6.0,0
Wheat,2423.25,25.1,2,35,1290.03,6.5,2
Potatoes,1849.06,113.2,4,4,1177.62,19.3,2
Potatoes,1717.87,116.4,5,29,173.96,10.8,2
Mustard,4634.09,125.6,3,24,2258.49,-15.0,1
Mustard,6312.1,140.0,3,12,4355.79,15.8,0
Mustard,5701.16,54.5,2,3,5149.58,4.6,0
Mustard,6383.67,16.6,3,9,5159.06,17.1,0
Tomatoes,3568.71,141.2,8,8,1762.95,15.1,2
Onions,2424.9,114.5,6,5,1526.14,10.2,0
Wheat,2429.02,44.3,2,42,1081.82,6.8,2
Potatoes,1367.81,42.2,4,7,957.26,-11.8,0
Tomatoes,3686.12,58.0,10,3,2748.15,18.9,2
Wheat,2039.28,100.5,2,19,1193.7,-10.4,1
Tomatoes,3275.44,16.4,8,0,3111.53,5.7,1
Tomatoes,3645.54,88.1,8,3,2718.81,17.6,2
Potatoes,1485.54,65.1,3,4,1079.15,-4.2,0
Onions,2125.65,49.2,4,9,1459.6,-3.4,0
Mustard,5988.7,7.3,1,3,5720.27,9.9,0
Onions,1876.0,132.3,6,9,840.36,-14.7,0
Potatoes,1710.84,77.7,3,2,1279.2,10.4,0
Potatoes,1306.2,73.9,3,29,452.92,-15.7,2
Potatoes,1198.47,132.9,3,19,379.3,-22.7,1
Wheat,2653.75,134.8,2,14,1659.07,16.6,0
Onions,2416.72,22.2,5,21,827.02,9.9,2
Onions,1959.36,148.8,6,14,620.28,-10.9,1
Tomatoes,3180.07,123.2,8,0,2562.07,2.6,2
Tomatoes,2829.62,81.5,8,5,1828.77,-8.7,2
Tomatoes,2320.38,131.1,9,5,1229.34,-25.1,2
Potatoes,1510.34,58.1,3,4,1130.94,-2.6,0
Onions,2420.87,146.9,5,19,735.9,10.0,2
Potatoes,1797.24,46.8,5,12,992.44,16.0,0
Wheat,1942.64,108.3,2,17,1127.48,-14.6,0
Tomatoes,3210.11,65.7,10,8,1482.13,3.6,2
Potatoes,1183.02,66.3,4,29,261.75,-23.7,2
Potatoes,1729.34,58.6,5,15,787.08,11.6,1
Wheat,2447.24,36.2,1,22,1893.19,7.6,1
Mustard,5951.49,103.6,1,28,4464.73,9.2,1
Onions,1542.87,65.1,4,3,1131.29,-29.9,0
Mustard,4965.19,127.5,2,2,4189.12,-8.9,1
Tomatoes,3032.24,23.5,10,0,2830.6,-2.2,0
Potatoes,1852.64,142.4,4,21,582.69,19.5,2
Wheat,2280.02,83.8,1,31,1511.86,0.2,1
Wheat,2164.86,88.9,1,34,1370.32,-4.8,2
Onions,2370.66,117.6,4,8,1449.59,7.8,0
Mustard,4273.17,143.1,2,22,2608.2,-21.6,1
Onions,2295.1,103.2,5,24,499.74,4.3,2
Potatoes,1650.69,126.4,3,23,614.64,6.5,2
Onions,2223.05,53.0,6,23,333.7,1.0,2
Wheat,1795.11,102.5,1,29,1072.11,-21.1,1
Wheat,2622.71,29.1,2,41,1216.99,15.3,2
Tomatoes,2805.05,38.9,8,8,1549.58,-9.5,2
Tomatoes,2917.53,75.2,8,10,1310.81,-5.9,2
Potatoes,2105.46,20.9,3,17,1344.94,35.8,1
Mustard,5877.73,87.3,1,10,5045.29,7.8,0
Onions,2325.91,61.9,5,20,800.34,5.7,2
Potatoes,1418.14,89.0,5,3,900.24,-8.5,0
Tomatoes,3812.87,52.1,9,2,3123.93,23.0,2
Onions,2112.35,70.3,5,6,1438.08,-4.0,0
Tomatoes,2352.45,26.4,8,0,2147.0,-24.1,0
Onions,2492.79,41.3,4,4,2040.4,13.3,0
Mustard,6008.76,74.1,2,26,3821.93,10.3,1
Potatoes,1693.75,98.4,3,5,1107.54,9.3,0
Onions,2406.75,76.0,4,7,1677.82,9.4,0
Wheat,1735.69,65.4,1,10,1322.28,-23.7,0
Wheat,2734.42,113.6,2,25,1517.97,20.2,1
Onions,1921.33,10.0,6,1,1757.28,-12.7,0
Onions,2455.24,44.2,6,21,538.57,11.6,2
Onions,1868.27,134.8,6,1,1180.23,-15.1,0
Wheat,2626.95,86.6,1,19,1935.65,15.5,1
Wheat,2360.65,25.4,1,16,1953.58,3.8,1
Onions,1808.06,38.7,6,13,819.12,-17.8,2
Tomatoes,3499.59,106.4,8,3,2525.88,12.9,2
Tomatoes,2015.0,81.4,9,5,1174.13,-35.0,2
Mustard,4505.67,10.5,1,17,3908.6,-17.3,0
Potatoes,1632.74,103.8,3,15,827.08,5.3,1
Tomatoes,2573.43,134.6,9,2,1709.31,-17.0,0
Wheat,2541.96,34.4,1,38,1763.8,11.7,2
Tomatoes,3450.02,136.8,10,0,2765.42,11.3,1
Mustard,5954.84,94.6,2,13,4566.08,9.3,0
Mustard,4747.16,99.3,2,16,3397.94,-12.9,0
Potatoes,1303.36,145.0,5,13,381.12,-15.9,1
Tomatoes,3189.68,48.9,10,0,2905.84,2.9,1
Wheat,1803.07,64.2,2,12,1265.26,-20.7,0
Wheat,2811.86,54.5,2,21,1877.76,23.6,1
Onions,2323.27,85.6,5,16,983.63,5.6,1
Wheat,2597.87,41.6,1,13,2174.73,14.2,0
Potatoes,1700.47,6.5,3,7,1422.4,9.7,0
Potatoes,1774.92,109.2,5,21,461.77,14.5,2
Wheat,2268.37,34.1,2,6,1873.08,-0.3,0
Wheat,2912.39,22.9,1,35,2146.23,28.0,2
Onions,2133.28,14.5,5,23,621.12,-3.0,2
Wheat,2723.84,139.1,1,7,1957.59,19.7,0
Onions,1844.18,129.4,5,23,379.75,-16.2,2
Onions,2170.02,39.8,5,6,1548.01,-1.4,0
Wheat,2259.75,38.2,1,15,1806.67,-0.7,0
Mustard,6837.13,125.9,1,8,5839.41,25.5,2
Mustard,6089.51,55.0,2,14,4759.22,11.7,1
Onions,2211.02,80.2,5,24,505.65,0.5,2
Wheat,1962.69,115.6,1,14,1285.36,-13.7,0
Mustard,6115.59,69.7,2,39,3021.56,12.2,2
Wheat,1633.55,53.3,2,39,724.07,-28.2,2
Wheat,1923.08,6.9,1,35,1456.14,-15.5,2
Wheat,2188.09,103.6,1,35,1325.72,-3.8,2
Tomatoes,3405.04,112.8,8,10,1471.26,9.8,2
Wheat,2011.23,67.0,2,41,848.11,-11.6,2
Tomatoes,3404.06,110.6,10,6,1816.5,9.8,2
Onions,1430.0,135.1,6,7,593.5,-35.0,0
Mustard,4618.25,106.5,2,22,2978.32,-15.3,1
Mustard,5455.74,46.0,3,22,3104.33,0.1,1
Mustard,5146.51,130.9,1,44,3278.53,-5.6,2
Mustard,6921.11,65.3,2,44,3062.73,27.0,2
Mustard,5010.72,90.4,1,36,3530.91,-8.1,2
Mustard,6794.19,65.8,3,17,4415.37,24.7,2
Mustard,6259.16,78.4,2,28,3838.7,14.8,1
Onions,1963.76,113.8,4,19,768.34,-10.7,2
Wheat,2455.29,106.4,1,1,1915.82,7.9,1
Potatoes,1522.59,131.6,4,13,619.16,-1.8,1
Tomatoes,3245.41,79.6,8,6,2009.48,4.7,2
Potatoes,1586.41,62.7,5,4,1119.83,2.3,0
Potatoes,1616.4,60.7,4,29,398.52,4.3,2
Wheat,2261.24,74.6,1,27,1575.7,-0.6,1
Wheat,1748.95,57.3,2,20,1106.65,-23.1,1
Wheat,1870.48,125.2,1,25,1079.22,-17.8,1
Mustard,5606.81,67.0,1,7,4975.06,2.9,0
Onions,1986.68,133.1,6,5,1105.36,-9.7,0
Mustard,5601.08,124.0,2,1,4871.89,2.8,0
Onions,2589.96,112.1,5,6,1667.64,17.7,0
Onions,2255.85,58.4,6,2,1807.68,2.5,2
Potatoes,1472.14,98.6,5,30,149.85,-5.0,2
Potatoes,1467.72,137.3,4,8,662.98,-5.3,0
Onions,1875.71,37.4,5,7,1274.9,-14.7,0
Onions,2069.53,85.2,6,12,934.21,-5.9,1
Mustard,4480.78,47.1,3,20,2674.7,-17.8,1
Mustard,4981.77,53.4,1,23,4001.26,-8.6,1
Potatoes,1725.23,145.4,4,29,315.07,11.3,2
Wheat,3150.99,131.7,2,33,1507.17,38.5,2
Onions,1986.11,124.1,6,13,738.38,-9.7,1
Mustard,4921.44,119.0,3,4,3978.81,-9.7,0
Potatoes,1503.71,133.7,4,29,265.08,-3.0,2
Mustard,4135.62,52.9,1,32,3082.4,-24.1,2
Onions,2020.9,85.5,4,0,1595.73,-8.1,0
Onions,2214.23,76.6,6,10,1168.16,0.6,0
Tomatoes,2606.63,129.0,9,0,1974.0,-15.9,0
Wheat,2157.01,55.2,2,40,970.04,-5.2,2
Tomatoes,2798.4,77.1,10,4,1820.57,-9.7,2
Potatoes,1467.86,142.6,3,7,696.41,-5.3,0
Mustard,6051.15,45.4,1,37,4454.69,11.0,2
Potatoes,1462.0,146.1,5,16,403.16,-5.7,1
Onions,2012.22,27.3,5,7,1428.46,-8.5,0
Tomatoes,2911.53,46.9,8,0,2642.25,-6.1,0
Tomatoes,3189.23,32.2,10,5,2052.57,2.9,2
Tomatoes,2923.66,118.2,9,4,1829.3,-5.7,2
Potatoes,1720.18,126.5,4,3,1036.14,11.0,0
Onions,2436.31,98.1,4,15,1245.53,10.7,1
Mustard,5409.73,67.8,3,38,1578.87,-0.7,2
Mustard,4465.16,140.0,1,15,3408.73,-18.1,0
Potatoes,1771.13,42.0,4,26,581.56,14.3,2
Tomatoes,3336.36,12.0,9,8,1816.26,7.6,2
Wheat,2176.57,44.1,2,33,1168.49,-4.3,2
Potatoes,1322.2,29.4,4,8,904.44,-14.7,0
Potatoes,1110.09,28.4,5,7,724.82,-28.4,0
Onions,2230.34,57.3,6,7,1442.06,1.4,0
Mustard,6383.47,121.9,3,45,1084.38,17.1,2
Potatoes,1514.81,68.1,5,21,435.88,-2.3,2
Potatoes,1533.94,113.4,3,18,671.24,-1.0,1
Tomatoes,2780.59,16.9,10,10,1049.43,-10.3,2
Tomatoes,3185.86,25.5,9,9,1526.14,2.8,2
Wheat,1998.87,92.0,1,19,1368.77,-12.1,1
Onions,2487.09,72.1,5,12,1352.25,13.0,1
Wheat,2039.05,8.8,2,3,1875.43,-10.4,0
Tomatoes,3522.45,132.8,8,8,1758.31,13.6,2
Mustard,5035.63,85.6,3,24,2584.24,-7.6,1
Tomatoes,2390.88,94.9,8,4,1548.14,-22.9,2
Onions,2256.93,141.5,4,25,630.02,2.6,2
Tomatoes,3171.84,130.8,10,4,1915.05,2.3,2
Onions,2233.91,143.2,5,7,1220.42,1.5,0
Onions,2043.9,18.1,4,8,1530.69,-7.1,0
Onions,1906.41,124.7,4,5,1150.28,-13.3,0
Onions,1890.73,76.7,4,22,711.67,-14.1,2
Onions,2677.21,63.3,6,13,1244.25,21.7,1
Mustard,6523.49,108.0,3,26,3142.53,19.7,1
Wheat,2284.23,53.5,1,31,1626.21,0.4,1
Potatoes,1681.13,67.9,3,30,617.3,8.5,2
Wheat,2144.78,96.4,2,31,1047.56,-5.7,1
Onions,2414.07,135.6,4,23,786.5,9.7,2
Mustard,5228.78,23.5,2,43,2411.87,-4.1,2
Tomatoes,3551.8,85.3,8,1,2948.26,14.6,1
Mustard,5498.4,15.9,2,43,2561.83,0.9,2
Onions,2225.54,95.7,5,3,1592.85,1.2,0
Mustard,5735.87,129.7,1,8,4795.7,5.2,0
Mustard,6648.75,86.8,2,35,3552.6,22.0,2
Onions,1850.56,137.1,4,0,1196.6,-15.9,0
Mustard,5164.92,131.0,2,13,3774.47,-5.2,0
Potatoes,1333.27,25.3,5,18,531.21,-14.0,1
Potatoes,1252.28,77.1,4,24,373.24,-19.2,1
Mustard,5510.58,99.8,3,6,4416.53,1.1,0
Tomatoes,3562.34,85.5,9,7,1932.15,14.9,2
Onions,2304.52,58.4,4,15,1277.2,4.8,1
Potatoes,1528.21,113.9,5,30,147.76,-1.4,2
Tomatoes,3351.6,134.7,8,1,2549.85,8.1,0
Mustard,5425.35,134.3,2,21,3524.94,-0.5,1
Tomatoes,3187.0,103.5,9,10,1222.45,2.8,2
Wheat,2593.04,83.1,2,14,1803.13,14.0,0
Potatoes,1944.18,73.2,4,13,1084.22,25.4,1
Mustard,4583.5,65.0,2,8,3796.19,-15.9,0
Onions,2318.25,34.7,4,23,924.53,5.4,2
Mustard,5662.31,46.4,3,39,1591.4,3.9,2
Onions,2085.42,40.9,6,12,1056.29,-5.2,1
Mustard,6535.92,15.3,2,7,5783.08,19.9,2
Tomatoes,3339.76,23.6,9,9,1609.52,7.7,2
Tomatoes,2887.79,24.3,10,8,1395.8,-6.8,2
Tomatoes,3033.54,43.2,10,0,2778.47,-2.1,0
Wheat,2113.2,110.5,2,33,950.51,-7.1,2
Onions,2046.09,50.9,5,14,1030.15,-7.0,1
Tomatoes,3248.91,33.3,9,8,1694.99,4.8,1
Wheat,2209.34,18.8,2,0,2052.35,-2.9,0
Onions,2266.69,96.9,4,0,1785.31,3.0,0
Mustard,4410.76,114.7,1,33,3052.73,-19.1,2
Wheat,2628.04,75.5,2,23,1618.67,15.5,1
Potatoes,1418.79,29.0,3,12,953.67,-8.5,0
Wheat,2471.95,89.0,1,39,1548.86,8.7,2
Wheat,2518.42,79.7,1,40,1603.15,10.7,2
Onions,1947.83,27.3,4,15,1116.85,-11.5,1
Mustard,4876.92,77.3,1,45,3235.02,-10.5,2
Potatoes,1707.69,22.1,3,0,1540.94,10.2,0
Tomatoes,3681.38,149.9,9,10,1349.27,18.8,2
Tomatoes,3090.86,101.9,9,5,1876.46,-0.3,2
Wheat,1735.26,69.2,2,12,1189.12,-23.7,0
Onions,2182.88,57.3,4,10,1429.84,-0.8,0
Onions,1459.28,38.7,5,13,730.72,-33.7,1
Tomatoes,3242.03,30.1,10,0,2996.59,4.6,1
Potatoes,1489.75,55.6,4,21,600.04,-3.9,2
Mustard,5588.57,14.7,2,31,3384.04,2.5,1
Potatoes,1385.96,17.8,5,22,425.49,-10.6,2
Mustard,4506.46,51.6,2,4,3983.29,-17.3,0
Tomatoes,3154.51,41.9,10,5,2032.01,1.8,2
Mustard,5767.55,109.7,1,7,4941.89,5.8,0
Onions,2303.03,143.4,5,18,741.37,4.7,2
Wheat,2074.59,139.1,2,40,731.72,-8.8,2
Wheat,2188.54,38.2,1,18,1708.69,-3.8,0
Tomatoes,2773.67,88.4,9,8,1317.99,-10.5,2
Onions,2175.21,73.9,4,14,1194.64,-1.1,1
Potatoes,1766.32,23.7,5,4,1398.14,14.0,1
Onions,1578.42,133.9,6,6,740.33,-28.3,0
Wheat,2279.98,45.7,2,4,1931.35,0.2,0
Wheat,1701.02,79.1,1,31,1067.19,-25.2,1
Onions,2555.06,78.4,4,23,963.72,16.1,2
Onions,2242.73,10.6,4,17,1263.49,1.9,1
Wheat,2721.19,95.2,2,17,1781.74,19.6,0
Potatoes,1675.33,112.2,4,9,891.35,8.1,0
Tomatoes,2910.33,16.8,9,3,2305.61,-6.1,2
Tomatoes,3260.54,63.7,10,3,2385.12,5.2,2
Onions,1845.4,111.1,4,1,1277.14,-16.1,0
Tomatoes,3573.47,126.0,8,1,2794.12,15.3,1
Wheat,1843.92,36.3,1,9,1503.42,-18.9,0
Wheat,2644.3,79.6,1,18,1992.03,16.2,1
Onions,2309.35,64.7,5,3,1794.53,5.0,0
Onions,2130.05,27.3,4,4,1738.98,-3.2,0
Onions,1862.86,94.9,4,17,827.94,-15.3,1
Potatoes,1452.54,16.8,4,6,1132.22,-6.3,0
Tomatoes,3899.29,6.5,9,1,3578.06,25.8,2
Onions,2650.44,126.0,4,17,1202.02,20.5,1
Mustard,4296.02,58.9,1,19,3495.31,-21.2,1
Mustard,5532.68,145.5,3,31,2107.14,1.5,1
Wheat,2107.43,5.4,2,31,1276.65,-7.4,1
Tomatoes,2921.74,145.1,8,10,1149.38,-5.8,2
Onions,2477.8,55.8,6,10,1393.37,12.6,0
Mustard,6507.55,16.7,1,19,5561.6,19.4,2
Tomatoes,2813.4,62.2,9,1,2343.46,-9.2,0
Wheat,2204.26,134.3,2,10,1369.13,-3.1,0
Potatoes,1504.05,33.2,5,27,242.21,-3.0,2
Tomatoes,3544.95,40.8,9,10,1513.61,14.4,2
Tomatoes,3411.94,111.8,9,10,1306.68,10.1,2
Potatoes,1730.39,105.4,4,3,1133.54,11.6,0
Tomatoes,3187.83,136.4,9,7,1561.39,2.8,2
Wheat,2581.02,103.4,2,24,1469.64,13.5,1
Wheat,2703.51,126.2,2,40,1082.4,18.8,2
Potatoes,1588.53,80.1,5,14,693.86,2.5,1
Onions,2442.55,78.4,4,9,1600.06,11.0,0
Mustard,5701.26,25.4,3,14,4065.26,4.6,0
Onions,2413.18,39.9,6,19,671.66,9.7,2
Tomatoes,3183.15,131.9,8,6,1798.47,2.7,2
Mustard,5813.78,143.2,2,12,4325.46,6.7,0
Potatoes,1007.5,136.5,5,3,339.52,-35.0,0
Potatoes,1337.24,73.0,3,14,734.53,-13.7,1
Mustard,6004.79,44.6,3,43,1284.58,10.2,2
Wheat,2451.97,41.9,2,29,1443.78,7.8,1
Mustard,5759.18,88.3,3,37,1752.38,5.7,2
Tomatoes,3181.09,108.4,9,6,1777.66,2.6,2
Wheat,2483.21,29.4,1,14,2067.55,9.2,1
Potatoes,1702.12,24.2,3,17,1056.88,9.8,1
Mustard,4991.0,66.2,2,35,2664.1,-8.4,2
Onions,1841.04,44.4,6,16,680.27,-16.3,1
Onions,1934.26,99.4,6,4,1239.72,-12.1,0
Tomatoes,2829.29,145.1,8,3,1814.51,-8.7,2
Onions,2207.67,120.3,5,13,989.52,0.3,1
Mustard,5256.51,13.9,1,26,4277.37,-3.6,1
Mustard,4773.36,78.4,3,45,821.77,-12.4,2
Onions,1657.99,20.3,6,1,1448.92,-24.6,0
Mustard,5309.08,112.5,1,44,3456.73,-2.6,2
Tomatoes,3739.09,143.9,10,2,2654.75,20.6,1
Wheat,2366.23,44.5,1,3,2080.52,4.0,0
Tomatoes,3274.83,20.1,9,2,2755.15,5.6,1
Tomatoes,2071.9,135.2,10,9,654.15,-33.2,2
Mustard,6508.86,66.4,3,4,5642.13,19.4,2
Wheat,2666.72,63.5,2,43,1126.58,17.2,2
Mustard,4604.79,98.3,3,5,3704.01,-15.5,0
Potatoes,1624.01,64.5,4,5,1145.13,4.8,0
Mustard,5843.01,60.4,2,5,5127.09,7.2,0
Mustard,6249.3,100.8,2,30,3629.26,14.7,1
Mustard,5071.56,116.9,1,29,3670.81,-6.9,1
Wheat,2159.46,28.2,2,33,1176.03,-5.1,2
Mustard,5705.75,125.6,3,18,3397.87,4.7,0
Wheat,2617.94,31.0,1,14,2179.7,15.1,1
Onions,2513.56,126.0,6,13,1008.83,14.3,1
Potatoes,1325.66,89.1,4,21,445.51,-14.5,2
Wheat,2773.7,105.6,1,11,2094.99,21.9,0
Onions,2129.15,146.7,4,10,1084.08,-3.2,0
Wheat,2297.19,120.4,1,35,1350.46,1.0,2
Wheat,2347.39,148.6,2,23,1181.38,3.2,1
Potatoes,1429.29,93.1,3,25,539.96,-7.8,2
Tomatoes,3372.63,23.6,8,7,2100.62,8.8,2
Tomatoes,2909.04,141.5,9,7,1377.18,-6.2,2
Wheat,2377.31,92.9,1,4,1865.83,4.5,0
Mustard,5605.82,22.4,3,24,3044.08,2.9,1
Onions,2064.34,31.2,5,20,734.34,-6.2,2
Mustard,5996.0,140.1,1,39,4018.15,10.0,2
Mustard,4744.66,76.6,1,25,3659.31,-12.9,1
Wheat,2527.87,6.5,2,18,1911.64,11.1,0
Wheat,2546.16,48.3,2,9,2031.88,11.9,0
Wheat,2402.69,81.7,1,36,1557.8,5.6,2
Wheat,2993.69,7.8,2,34,1709.11,31.6,2
Tomatoes,3122.32,73.8,10,5,1909.44,0.7,2
Wheat,2749.47,128.6,2,45,973.26,20.9,2
Tomatoes,3259.58,135.6,10,6,1653.88,5.1,2
Tomatoes,2747.11,134.9,8,10,1084.26,-11.4,2
Wheat,2017.8,110.4,2,29,965.38,-11.3,1
Potatoes,1528.32,34.6,5,12,825.7,-1.4,0
Onions,2256.54,86.7,5,15,1001.69,2.6,1
Mustard,5930.11,48.5,3,26,2975.61,8.8,1
Tomatoes,2527.97,43.1,9,1,2160.15,-18.5,0
Onions,2237.47,37.2,5,7,1555.92,1.7,0
Potatoes,1447.6,90.2,4,18,575.24,-6.6,1
Mustard,4896.47,128.7,1,42,3156.1,-10.2,2
Mustard,4746.03,64.5,3,40,1221.04,-12.9,2
Tomatoes,3262.72,84.5,9,3,2360.83,5.2,2
Wheat,2070.1,78.8,2,7,1533.47,-9.0,0
Potatoes,1641.89,142.0,4,26,364.74,5.9,2
Tomatoes,3603.29,142.3,8,10,1503.25,16.2,2
Potatoes,1443.65,38.6,4,30,331.29,-6.9,2
Wheat,1768.56,9.0,2,13,1417.24,-22.3,0
Wheat,2285.52,138.9,2,28,1072.2,0.5,1
Tomatoes,2306.39,90.6,9,10,852.18,-25.6,2
Wheat,2535.17,29.6,2,9,2057.73,11.4,0
Onions,2120.83,68.5,4,2,1685.2,-3.6,0
Mustard,6295.86,62.0,1,36,4618.5,15.5,2
Tomatoes,3256.96,138.7,10,10,1027.07,5.1,2
Potatoes,1833.17,116.5,4,25,508.9,18.3,2
Onions,2089.36,110.7,6,2,1437.86,-5.0,0
Tomatoes,3245.71,25.2,8,4,2447.91,4.7,2
Wheat,1888.56,24.6,1,25,1447.71,-17.0,1
Wheat,2469.27,133.0,2,45,837.84,8.5,2
Wheat,2384.67,60.2,1,16,1867.73,4.8,1
Wheat,2269.73,74.8,1,0,1887.74,-0.2,1
Potatoes,1568.9,93.8,5,12,713.87,1.2,0
Onions,2100.69,111.3,6,14,772.68,-4.5,1
Mustard,4345.12,132.8,3,7,3199.38,-20.3,0
Potatoes,1735.23,96.3,5,4,1115.11,12.0,0
Potatoes,1544.64,119.8,4,29,296.29,-0.3,2
Mustard,5620.59,102.9,2,40,2623.47,3.1,2
Mustard,5065.97,81.9,3,11,3686.07,-7.0,0
Wheat,2622.07,141.6,2,32,1190.38,15.3,2
Potatoes,1571.47,102.7,3,28,534.63,1.4,0
Tomatoes,3413.5,122.2,9,3,2342.49,10.1,2
Mustard,5642.07,19.3,2,36,3074.83,3.5,2
Mustard,6000.93,144.2,1,33,4196.07,10.1,2
Onions,2746.07,114.9,6,24,326.11,24.8,2
Tomatoes,3073.62,95.2,9,9,1328.05,-0.9,2
Tomatoes,2975.32,86.3,9,1,2390.98,-4.0,0
Mustard,4458.32,51.3,3,27,2127.09,-18.2,1
Wheat,2073.26,43.1,1,22,1595.25,-8.9,1
Onions,2118.63,63.2,5,15,985.52,-3.7,1
Tomatoes,3209.47,31.5,8,9,1679.17,3.5,2
Mustard,5689.21,50.6,3,27,2748.73,4.4,1
Tomatoes,3532.72,88.6,9,4,2401.68,14.0,2
Onions,2576.72,54.8,6,1,2196.56,17.1,1
Onions,2057.03,145.4,4,22,642.67,-6.5,2
Potatoes,1547.79,55.4,5,9,925.3,-0.1,0
Mustard,5800.94,49.7,2,20,4150.57,6.4,1
Onions,1988.61,132.6,6,3,1206.11,-9.6,0
Potatoes,1494.83,77.9,4,8,900.42,-3.6,0
Potatoes,1321.06,140.0,5,1,644.7,-14.8,0
Tomatoes,2484.5,121.6,10,6,1208.07,-19.9,2
Tomatoes,3124.09,63.5,8,0,2775.86,0.8,1
Potatoes,1897.37,58.3,4,0,1597.07,22.4,2
Tomatoes,2867.69,88.6,10,7,1398.75,-7.5,2
Onions,2511.36,98.6,5,3,1835.86,14.2,0
Wheat,2020.24,54.2,2,23,1256.82,-11.2,1
Onions,2170.31,66.5,4,19,994.24,-1.3,2
Potatoes,1704.99,84.5,5,3,1174.48,10.0,0
Potatoes,1661.26,86.9,5,8,940.11,7.2,0
Onions,2127.27,22.7,4,19,1060.0,-3.3,2
Tomatoes,3515.74,11.7,9,5,2463.91,13.4,2
Tomatoes,3138.52,91.1,9,2,2377.89,1.2,0
Potatoes,1534.52,110.0,5,6,827.24,-1.0,0
Mustard,5880.75,27.0,3,29,2677.34,7.9,1
Tomatoes,3186.38,20.8,9,2,2674.08,2.8,1
Onions,2569.03,108.7,6,6,1590.34,16.8,0
Tomatoes,3543.12,81.2,10,3,2547.62,14.3,2
Onions,2561.35,51.5,4,12,1622.2,16.4,1
Potatoes,1533.29,26.9,5,17,657.2,-1.1,1
Tomatoes,2956.74,138.8,9,6,1536.55,-4.6,2
Onions,1992.54,134.2,6,12,766.11,-9.4,1
Potatoes,1593.07,23.6,5,21,525.26,2.8,2
Mustard,5612.64,118.9,3,21,3088.44,3.0,1
Onions,2431.96,106.4,5,17,933.22,10.5,1
Mustard,5077.91,88.1,3,38,1447.25,-6.8,2
Mustard,6886.04,72.3,2,31,4033.62,26.3,1
Wheat,1917.34,106.4,2,10,1232.17,-15.7,0
Tomatoes,2174.67,95.4,8,8,1048.36,-29.8,2
Onions,2079.03,68.1,5,7,1367.49,-5.5,0
Mustard,5298.86,56.1,2,38,2687.6,-2.8,2
Wheat,2262.34,89.2,2,18,1423.5,-0.6,0
Potatoes,1649.96,134.0,4,28,332.58,6.4,2
Onions,2234.25,48.3,4,8,1593.55,1.6,0
Mustard,5404.93,36.3,1,40,3860.06,-0.8,2
Tomatoes,3039.87,16.2,8,2,2605.21,-1.9,0
Wheat,1944.37,113.5,1,40,1060.0,-14.5,2
Mustard,5247.08,57.8,3,33,1982.11,-3.7,2
Tomatoes,2784.53,33.8,9,9,1298.38,-10.2,2
Mustard,6083.09,110.7,2,43,2644.23,11.6,2
Onions,2386.06,30.1,5,24,604.17,8.5,2
Onions,2090.67,29.4,6,6,1468.01,-5.0,0
Onions,1797.26,145.7,6,10,707.63,-18.3,0
Wheat,2949.65,26.5,2,22,2010.5,29.7,1
Onions,2479.44,59.4,5,23,670.39,12.7,2
Tomatoes,3209.43,64.3,9,1,2701.67,3.5,1
Mustard,4903.34,105.8,1,1,4303.2,-10.0,0
Potatoes,1346.17,76.5,3,27,501.15,-13.2,2
Tomatoes,3327.32,64.5,9,4,2328.89,7.3,2
Tomatoes,2814.87,108.0,9,10,1045.38,-9.2,2
Onions,2671.83,73.9,4,20,1188.64,21.4,2
Wheat,2156.52,108.5,1,24,1391.12,-5.2,1
Mustard,5671.94,90.8,3,18,3481.33,4.1,0
Wheat,2441.51,114.4,2,3,1810.28,7.3,0
Mustard,5047.21,130.8,1,0,4357.67,-7.4,0
Mustard,5287.72,21.2,1,22,4387.54,-3.0,1
Wheat,1908.19,67.6,1,7,1500.06,-16.1,0
Tomatoes,3375.71,79.6,10,0,2950.0,8.9,1
Mustard,5207.18,26.9,2,45,2273.15,-4.5,2
Wheat,1977.69,146.4,1,8,1217.93,-13.1,0
Mustard,5594.0,131.3,1,36,3834.76,2.6,2
Potatoes,1742.02,127.7,3,12,887.9,12.4,0
Tomatoes,3683.78,90.2,10,6,2050.69,18.8,2
Onions,2119.38,149.6,5,25,350.95,-3.7,2
Mustard,5672.42,59.2,2,39,2815.65,4.1,2
Potatoes,1442.17,145.2,5,19,326.77,-7.0,1
Onions,2225.54,28.4,5,11,1347.12,1.2,1
Onions,1773.71,87.7,4,19,730.91,-19.4,2
Mustard,5824.61,68.3,2,26,3715.73,6.9,1
Wheat,2417.6,140.7,2,39,923.6,6.3,2
Mustard,5850.67,70.8,3,22,3270.69,7.4,1
Potatoes,1676.34,19.5,5,29,228.87,8.2,2
Onions,2445.24,18.5,4,13,1572.31,11.1,1
Mustard,5597.12,95.8,3,39,1506.12,2.7,2
Wheat,2225.75,139.1,2,29,1014.05,-2.2,1
Mustard,5830.41,119.6,1,14,4740.85,7.0,1
Tomatoes,3209.9,119.9,9,10,1198.83,3.5,1
Wheat,2325.7,89.8,2,12,1605.07,2.2,0
Potatoes,1724.81,118.9,5,3,1051.29,11.3,0
Onions,2479.04,53.1,6,16,928.78,12.7,1
Mustard,5238.71,140.8,1,22,3906.29,-3.9,1
Wheat,2639.61,36.4,1,40,1800.0,16.0,2
Tomatoes,3845.66,128.2,10,10,1276.74,24.1,2
Wheat,2055.24,69.4,2,14,1415.93,-9.7,0
Tomatoes,2588.77,39.9,8,0,2297.59,-16.5,0
Potatoes,1029.35,105.3,5,25,133.73,-33.6,2
Onions,2333.42,18.9,4,12,1547.43,6.1,1
Potatoes,1529.86,67.3,4,14,794.42,-1.3,0
Mustard,5670.94,34.5,1,10,5029.49,4.1,0
Wheat,2372.71,19.8,1,3,2166.74,4.3,0
Tomatoes,3204.24,51.9,10,0,2906.61,3.4,1
Tomatoes,3497.12,123.3,8,0,2872.33,12.8,1
Wheat,2168.69,31.9,1,26,1632.23,-4.7,1
Wheat,2645.13,18.2,2,25,1738.12,16.3,1
Mustard,4649.25,124.8,1,19,3539.27,-14.7,1
Potatoes,1383.94,149.0,3,21,426.54,-10.7,2
Tomatoes,2931.13,127.4,9,2,2050.89,-5.4,0
Mustard,6049.67,57.2,1,31,4616.42,11.0,1
Potatoes,1713.73,24.9,3,4,1419.89,10.6,0
Mustard,5578.86,19.5,3,43,1209.16,2.4,2
Tomatoes,2732.62,18.8,9,0,2565.17,-11.9,0
Wheat,1846.77,129.8,1,16,1108.06,-18.8,0
Wheat,2085.86,72.8,1,19,1520.86,-8.3,2
Potatoes,1469.06,67.2,4,20,591.38,-5.2,1
Onions,2436.81,64.7,6,4,1794.97,10.8,0
Potatoes,1641.29,9.5,4,15,992.94,5.9,1
Onions,2492.03,141.1,6,17,701.21,13.3,1
Mustard,4591.78,117.2,1,0,3972.54,-15.7,0
Mustard,5353.33,67.2,1,40,3757.34,-1.8,2
Tomatoes,3498.38,52.7,10,0,3191.26,12.9,2
Onions,2026.97,35.5,5,15,975.39,-7.9,1
Tomatoes,3170.92,15.3,9,1,2852.85,2.3,1
Wheat,2260.37,129.0,2,15,1340.42,-0.6,0
Onions,2310.88,105.9,5,10,1251.68,5.0,0
Potatoes,1537.19,9.4,3,29,693.12,-0.8,2
Wheat,2234.13,35.3,2,31,1241.96,-1.8,1
Wheat,2744.63,127.4,2,38,1151.34,20.6,2
Potatoes,1484.01,103.4,3,15,721.99,-4.3,1
Wheat,2614.29,52.8,1,39,1780.49,14.9,2
Onions,2391.97,122.6,6,13,953.57,8.7,1
Tomatoes,3787.47,86.8,9,10,1527.72,22.2,2
Wheat,2545.46,53.1,2,42,1118.78,11.9,2
Onions,1568.76,51.8,5,6,1069.51,-28.7,0
Mustard,4783.05,63.6,3,8,3767.42,-12.2,0
Onions,2168.2,69.0,5,17,889.02,-1.4,1
Tomatoes,3116.4,55.3,8,6,1997.32,0.5,2
Onions,1778.11,15.1,6,18,581.49,-19.2,2
Potatoes,1478.55,117.0,4,5,811.78,-4.6,0
Tomatoes,2618.8,130.0,10,1,1862.54,-15.5,0
Mustard,4632.44,55.8,2,30,2744.76,-15.0,1
Potatoes,1884.94,21.4,4,0,1718.84,21.6,2
Onions,2025.17,68.5,5,0,1676.42,-7.9,0
Tomatoes,3080.83,43.8,9,3,2364.93,-0.6,2
Mustard,4920.87,115.2,2,45,1979.86,-9.7,2
Potatoes,1515.83,91.3,4,20,558.82,-2.2,1
Mustard,5670.4,72.2,1,23,4510.06,4.0,1
Onions,2322.59,38.7,4,9,1602.45,5.6,0
Mustard,6250.68,70.6,2,9,5180.71,14.7,0
Wheat,2472.68,70.7,1,0,2105.08,8.7,0
Potatoes,1708.58,25.0,3,6,1359.77,10.2,0
Mustard,4742.36,47.7,3,7,3874.32,-13.0,0
Onions,2110.59,84.3,4,6,1445.81,-4.1,0
Onions,2307.63,94.0,4,3,1706.11,4.9,0
Mustard,5829.97,15.9,2,37,3123.59,7.0,2
Onions,1699.83,31.6,4,25,590.49,-22.7,2
Tomatoes,2608.44,85.3,8,7,1442.49,-15.9,2
Tomatoes,3572.36,92.6,9,2,2751.12,15.2,1
Tomatoes,3008.46,124.0,10,0,2390.29,-3.0,0
Wheat,2495.53,32.4,1,6,2170.18,9.7,0
Mustard,5424.5,23.9,1,44,3807.04,-0.5,2
Wheat,2324.73,6.8,2,16,1807.85,2.2,0
Onions,2435.46,78.8,4,6,1739.52,10.7,0
Wheat,2422.18,76.3,1,8,1932.93,6.5,0
Onions,2707.26,72.7,6,24,348.89,23.1,2
Onions,2038.67,75.4,6,16,703.24,-7.3,1
Potatoes,1505.23,94.2,4,8,849.39,-2.9,0
Tomatoes,3134.02,14.8,8,5,2266.73,1.1,2
Onions,2092.73,115.5,4,16,943.17,-4.9,1
Potatoes,1396.47,18.8,5,3,1142.72,-9.9,0
Tomatoes,3245.76,20.2,9,0,3059.64,4.7,1
Onions,2055.86,99.3,6,24,235.18,-6.6,0
Onions,1869.28,86.4,5,21,533.94,-15.0,2
Wheat,2671.32,147.4,2,24,1391.67,17.4,1
Wheat,2141.15,58.9,2,28,1217.3,-5.9,1
Tomatoes,2647.2,99.0,9,1,2032.72,-14.6,0
Onions,2267.51,10.9,6,19,681.54,3.1,2
Mustard,5813.52,123.3,2,32,3167.72,6.7,2
Wheat,2315.22,110.7,2,14,1473.28,1.8,0
Tomatoes,2855.06,91.7,10,3,1955.95,-7.9,2
Onions,2502.45,63.6,4,10,1646.31,13.7,0
Onions,2194.03,42.2,5,9,1430.98,-0.3,0
Mustard,6097.33,60.5,3,11,4573.91,11.9,0
Tomatoes,2799.44,72.9,9,10,1111.08,-9.7,2
Onions,1724.2,123.9,5,7,894.41,-21.6,0
Wheat,2194.15,59.4,2,29,1227.69,-3.6,1
Mustard,5434.91,136.5,2,4,4485.79,-0.3,0
Tomatoes,2608.79,25.3,10,4,1827.66,-15.8,2
Mustard,5702.32,21.3,2,18,4281.01,4.6,0
Wheat,2241.84,93.9,1,28,1476.35,-1.5,1
Tomatoes,3231.07,77.6,10,7,1634.0,4.2,2
Mustard,4694.7,100.7,3,12,3251.76,-13.9,0
Potatoes,1311.35,122.7,5,17,359.16,-15.4,1
Wheat,2427.09,14.3,2,36,1302.28,6.7,2
Wheat,1977.01,143.5,2,41,656.19,-13.1,2
Wheat,2243.66,75.1,2,18,1458.9,-1.4,0
Potatoes,1822.76,41.5,5,8,1215.66,17.6,0
Potatoes,1611.35,77.1,3,7,1076.92,4.0,0
Onions,2101.64,143.4,6,7,1057.9,-4.5,0
Mustard,6075.43,87.4,3,20,3558.8,11.5,1
Onions,2590.63,77.6,5,24,613.09,17.8,2
Mustard,5820.21,114.6,1,27,4347.63,6.8,1
Potatoes,1538.83,141.4,4,18,495.16,-0.7,1
Potatoes,1839.65,60.4,3,6,1365.7,18.7,1
Onions,2348.23,112.8,5,15,986.52,6.7,1
Tomatoes,3406.04,44.0,8,10,1632.76,9.9,2
Onions,2288.52,25.7,6,11,1261.48,4.0,1
Mustard,5063.6,88.1,3,33,1853.75,-7.1,2
Onions,2528.69,26.8,4,4,2094.85,14.9,0
Wheat,2904.44,125.7,1,37,1774.39,27.7,2
Mustard,4785.81,148.0,3,23,2358.12,-12.2,1
Mustard,4762.3,7.3,1,9,4373.6,-12.6,0
Tomatoes,2561.45,43.5,9,5,1689.56,-17.4,2
Potatoes,1571.26,38.6,5,12,837.27,1.4,0
Mustard,5451.18,132.1,2,19,3665.23,0.0,1
Potatoes,1399.99,123.4,4,11,601.08,-9.7,0
Onions,2078.77,131.3,6,17,561.18,-5.5,1
Wheat,2604.61,120.6,1,4,1961.58,14.5,0
Tomatoes,3328.95,55.6,9,5,2198.88,7.4,2
Potatoes,1625.11,35.8,5,24,385.79,4.8,2
Mustard,5230.85,63.1,2,3,4667.96,-4.0,0
Potatoes,1599.92,17.8,4,7,1215.65,3.2,0
Mustard,5614.12,62.0,3,29,2496.52,3.0,1
Potatoes,1444.1,120.0,3,28,434.11,-6.8,2
Mustard,5836.95,148.9,2,19,3898.72,7.1,1
Onions,2304.8,116.0,4,13,1194.85,4.8,0
Mustard,5737.86,59.5,3,1,5258.96,5.3,0
Mustard,5698.32,143.7,3,42,1204.8,4.6,2
Wheat,2189.97,27.9,2,36,1123.94,-3.7,2
Mustard,5658.5,67.7,3,10,4297.36,3.8,0
Wheat,2269.29,12.9,2,32,1322.25,-0.3,2
Tomatoes,3117.1,63.6,10,10,1107.42,0.6,1
Wheat,2208.77,32.4,1,29,1627.38,-2.9,1
Onions,1976.31,12.8,4,12,1324.31,-10.2,1
Wheat,2151.88,109.6,1,39,1237.58,-5.4,2
Tomatoes,3664.04,101.5,8,6,2231.41,18.2,2
Onions,2571.16,120.9,5,4,1738.6,16.9,0
Potatoes,1446.37,7.8,3,23,803.2,-6.7,2
Potatoes,1844.1,148.8,5,28,182.02,19.0,2
Wheat,2085.32,89.3,2,10,1444.75,-8.3,0
Wheat,2537.3,103.3,2,22,1487.97,11.5,1
Tomatoes,3302.32,135.5,9,3,2201.03,6.5,2
Tomatoes,2991.5,84.4,9,8,1449.46,-3.5,2
Mustard,5276.12,91.2,3,31,2104.01,-3.2,1
Tomatoes,3067.02,19.7,10,9,1328.24,-1.1,2
Mustard,6385.63,127.1,1,27,4764.84,17.2,1
Onions,2475.6,38.9,4,10,1666.44,12.5,0
Wheat,1787.04,95.7,1,25,1122.55,-21.4,1
Onions,2189.96,85.9,6,23,302.65,-0.5,2
Tomatoes,2991.71,60.8,10,5,1860.79,-3.5,2
Onions,1949.09,140.7,4,0,1276.96,-11.4,0
Onions,2272.71,30.3,6,10,1309.09,3.3,0
Onions,2078.04,16.8,4,7,1610.49,-5.5,0
Tomatoes,3342.05,96.4,10,7,1648.02,7.8,2
Onions,2312.44,49.9,6,3,1821.14,5.1,0
Mustard,6489.3,137.6,1,21,5017.03,19.1,1
Tomatoes,3286.42,83.0,10,3,2334.7,6.0,2
Onions,2104.75,109.7,5,9,1145.37,-4.3,0
Tomatoes,3573.28,103.4,9,9,1560.77,15.3,2
Potatoes,1331.88,55.1,3,13,809.89,-14.1,1
Mustard,5245.96,15.1,2,31,3171.68,-3.7,1
Onions,2249.06,141.6,4,0,1566.88,2.2,0
Potatoes,1585.06,40.9,5,9,999.6,2.3,0
Potatoes,1796.16,132.0,5,13,711.4,15.9,1
Tomatoes,2196.82,115.0,9,10,752.28,-29.1,2
Potatoes,1582.32,15.4,3,30,670.81,2.1,2
Mustard,4893.6,114.2,2,1,4230.45,-10.2,0
Mustard,5989.33,113.1,2,7,4910.3,9.9,0
Wheat,2024.92,35.5,1,14,1622.62,-11.0,0
Mustard,4937.83,94.6,2,31,2771.6,-9.4,1
Potatoes,1678.15,148.2,4,27,344.15,8.3,2
Mustard,5059.11,22.2,1,33,3869.43,-7.2,2
Tomatoes,2946.11,75.8,10,2,2240.56,-5.0,0
Wheat,2412.69,109.6,2,32,1152.68,6.1,2
Potatoes,1449.32,50.9,4,5,1048.33,-6.5,0
Wheat,2285.58,18.4,1,30,1746.16,0.5,1
Potatoes,1422.39,17.3,3,28,639.91,-8.2,2
Tomatoes,2885.53,78.6,8,8,1524.06,-6.9,2
Wheat,2372.29,36.6,2,1,2079.98,4.3,0
Onions,2141.24,30.0,6,22,399.03,-2.7,2
Potatoes,1237.15,17.1,3,2,1069.85,-20.2,2
Onions,2108.81,75.8,5,13,1052.58,-4.1,1
Wheat,2216.98,58.9,2,3,1838.92,-2.6,0
Onions,2241.79,30.1,6,0,2016.35,1.9,1
Onions,2081.14,101.8,5,25,395.35,-5.4,2
Wheat,2382.18,110.9,1,28,1527.12,4.7,1
Tomatoes,2414.55,140.6,10,3,1421.52,-22.1,2
Onions,1890.38,109.1,5,10,953.14,-14.1,0
Onions,2307.2,33.8,6,17,798.6,4.9,1
Tomatoes,3082.01,34.9,9,6,1900.22,-0.6,2
Onions,2144.32,67.4,6,13,956.61,-2.5,1
Onions,2289.32,146.7,5,5,1345.88,4.1,0
Onions,1900.52,113.7,4,18,767.29,-13.6,2
Mustard,5177.5,59.4,3,6,4287.53,-5.0,0
Tomatoes,2527.84,115.9,9,4,1533.29,-18.5,2
Onions,2182.02,134.9,6,23,263.39,-0.8,2
Tomatoes,2734.15,19.6,8,1,2438.9,-11.8,0
Potatoes,1323.76,149.4,3,4,579.99,-14.6,0
Potatoes,1456.5,26.0,5,15,699.25,-6.0,1
Onions,1974.15,33.4,4,14,1151.55,-10.3,1
Tomatoes,2998.21,59.1,8,2,2415.76,-3.3,0
Tomatoes,3081.06,104.8,10,2,2242.1,-0.6,0
Tomatoes,3309.47,71.0,8,2,2643.1,6.8,1
Mustard,7225.71,27.3,1,0,6917.4,32.6,2
Potatoes,1261.15,102.2,5,14,450.1,-18.6,1
Tomatoes,3286.95,35.1,10,5,2107.43,6.0,2
Tomatoes,3550.9,53.5,10,1,3044.78,14.5,1
Mustard,6443.65,63.1,1,25,5126.2,18.2,1
Mustard,5526.3,89.8,3,20,3207.47,1.4,1
Tomatoes,2854.06,132.9,9,10,1011.51,-7.9,2
Wheat,2220.24,136.6,1,0,1561.14,-2.4,0
Tomatoes,3514.44,47.9,9,1,3054.26,13.4,1
Tomatoes,3101.78,15.4,8,1,2805.87,0.1,1
Mustard,4120.98,113.9,1,30,2891.33,-24.4,1
Mustard,6375.98,131.7,3,0,5655.81,17.0,2
Tomatoes,3641.17,133.5,9,4,2326.6,17.5,2
Tomatoes,3799.64,85.1,9,3,2799.5,22.6,2
Tomatoes,3339.77,115.9,9,9,1414.23,7.7,2
Mustard,5131.44,141.6,3,37,1466.8,-5.8,2
Tomatoes,3040.02,108.2,8,5,1894.16,-1.9,2
Tomatoes,3199.72,6.7,9,2,2761.21,3.2,1
Onions,2268.9,132.8,4,24,689.39,3.1,2
Wheat,2663.91,58.2,2,21,1756.85,17.1,1
Potatoes,1727.7,46.4,4,7,1234.98,11.5,1
Wheat,1948.07,21.0,2,14,1483.55,-14.4,0
Onions,2170.36,133.2,5,12,977.63,-1.3,1
Potatoes,1394.31,47.4,3,11,924.81,-10.0,0
Tomatoes,3542.61,110.3,9,7,1850.7,14.3,2
Onions,2849.03,12.2,4,7,2262.08,29.5,2
Tomatoes,3703.34,39.4,9,1,3209.66,19.5,2
Mustard,5110.03,21.5,3,0,4878.83,-6.2,0
Onions,2308.29,109.4,4,12,1260.11,4.9,1
Mustard,4764.17,138.6,1,29,3341.32,-12.6,1
Onions,2400.08,69.3,6,21,497.82,9.1,2
Onions,2127.7,83.8,6,9,1154.64,-3.3,0
Mustard,7204.09,138.5,2,34,3810.56,32.2,2
Potatoes,1427.15,122.7,5,19,363.98,-7.9,1
Wheat,2347.06,147.2,2,21,1225.01,3.2,1
Tomatoes,2622.41,51.6,9,4,1832.81,-15.4,2
Onions,2303.52,45.0,6,15,945.28,4.7,1
Tomatoes,2518.76,86.2,9,10,957.02,-18.7,2
Mustard,5786.28,67.7,3,21,3337.59,6.2,1
Tomatoes,2978.27,42.7,10,9,1254.22,-3.9,2
Mustard,5729.03,11.1,3,8,4748.96,5.1,0
Tomatoes,3839.46,84.4,10,0,3382.87,23.9,2
Wheat,2790.32,126.7,1,29,1787.76,22.7,1
Wheat,2011.5,147.3,2,37,727.48,-11.6,2
Wheat,2129.07,149.8,2,39,751.39,-6.4,2
Wheat,2300.26,40.7,1,38,1598.89,1.1,2
Wheat,2608.8,46.8,2,25,1642.22,14.7,1
Wheat,1819.44,137.6,1,30,954.36,-20.0,1
Mustard,5262.7,141.9,1,23,3895.29,-3.4,1
Onions,2067.63,105.4,5,9,1132.94,-6.0,0
Tomatoes,3805.13,29.6,10,9,1633.66,22.7,2
Wheat,2233.96,54.7,1,13,1791.57,-1.8,0
Mustard,5104.88,63.2,2,5,4435.28,-6.3,0
Mustard,4712.76,23.6,3,44,931.2,-13.5,2
Mustard,5351.0,146.7,1,39,3511.21,-1.8,2
Onions,2078.94,117.3,5,20,603.8,-5.5,2
Tomatoes,2910.25,61.1,9,0,2577.1,-6.1,0
Onions,2041.33,68.3,6,13,900.76,-7.2,1
Potatoes,1655.9,53.0,3,3,1309.53,6.8,0
Mustard,5484.45,11.3,3,6,4733.81,0.6,0
Potatoes,1877.0,20.2,3,14,1285.26,21.1,1
Wheat,2428.07,88.2,2,25,1387.83,6.7,1
Wheat,1969.46,108.0,1,30,1184.14,-13.4,1
Onions,2558.5,71.9,6,12,1240.39,16.3,1
Tomatoes,3238.99,143.4,9,6,1709.54,4.5,2
Potatoes,1898.7,59.0,4,24,676.38,22.5,2
Tomatoes,3036.09,11.6,10,2,2557.08,-2.1,0
Onions,2161.29,48.4,4,15,1216.17,-1.8,1
Wheat,2662.62,82.9,1,44,1645.93,17.0,2
Tomatoes,3855.33,110.2,8,2,2967.22,24.4,1
Tomatoes,3428.39,61.2,8,7,2048.06,10.6,2
Wheat,2846.48,55.9,2,37,1411.13,25.1,2
Potatoes,1468.24,78.1,4,12,774.25,-5.3,0
Wheat,2433.48,144.0,2,13,1465.87,7.0,0
Tomatoes,3731.24,15.5,8,5,2708.35,20.4,2
Potatoes,1920.15,27.2,5,1,1666.99,23.9,2
Potatoes,1494.62,89.4,3,22,641.71,-3.6,2
Wheat,2106.85,83.6,1,38,1303.53,-7.4,2
Tomatoes,3246.52,136.1,10,6,1644.25,4.7,2
Onions,2472.25,35.4,5,1,2144.09,12.4,1
Tomatoes,2711.88,115.4,9,1,2022.87,-12.5,0
Mustard,5962.87,5.9,2,9,5180.93,9.4,0
Onions,1981.85,87.7,4,3,1436.14,-9.9,0
Potatoes,1346.89,26.1,3,1,1142.41,-13.1,0
Onions,1852.53,67.8,6,9,1021.02,-15.8,0
Potatoes,1707.37,39.1,5,16,748.08,10.2,1
Potatoes,1720.31,106.8,4,29,366.41,11.0,2
Onions,2513.21,75.1,4,21,1054.0,14.2,2
Potatoes,1422.29,47.6,5,10,825.75,-8.2,0
Potatoes,1392.7,10.3,4,17,771.4,-10.1,1
Mustard,5068.71,33.2,2,18,3738.22,-7.0,0
Tomatoes,2777.2,32.1,10,2,2225.57,-10.4,0
Tomatoes,3235.03,52.4,9,1,2776.06,4.4,1
Mustard,4682.45,83.2,3,10,3455.81,-14.1,0
Onions,2245.03,116.9,4,5,1473.19,2.0,0
Wheat,2107.65,143.7,2,44,669.7,-7.4,2
Wheat,2327.46,47.3,2,14,1720.63,2.3,0
Wheat,1846.48,14.1,2,25,1207.47,-18.8,1
Mustard,6698.22,50.4,1,15,5767.08,22.9,2
Mustard,6039.56,107.1,1,45,3968.88,10.8,2
Potatoes,1627.87,7.9,3,10,1269.29,5.0,0
Wheat,2045.56,38.0,1,3,1744.67,-10.1,0
Onions,2636.17,23.3,6,1,2355.68,19.8,2
Onions,2082.16,102.7,5,8,1199.56,-5.4,0
Wheat,1855.31,52.7,2,35,917.01,-18.4,2
Wheat,2392.81,71.6,2,21,1513.02,5.2,1
Wheat,2212.35,10.6,1,39,1612.05,-2.8,2
Mustard,5776.16,13.0,1,37,4343.29,6.0,2
Mustard,4538.44,68.3,2,39,2202.65,-16.7,2
Mustard,5570.41,135.7,2,13,4092.01,2.2,0
Tomatoes,2955.85,98.4,10,4,1864.99,-4.7,2
Onions,2388.1,56.6,4,12,1484.97,8.5,1
Onions,2293.68,28.8,4,23,929.6,4.3,2
Potatoes,1623.1,40.8,3,25,773.87,4.7,1
Mustard,5121.51,38.7,1,7,4585.83,-6.0,0
Tomatoes,3278.28,53.7,10,4,2258.01,5.8,2
Tomatoes,2412.5,67.5,9,9,1059.1,-22.2,2
Onions,2062.25,111.4,5,20,607.88,-6.3,2
Mustard,5525.73,85.3,3,37,1680.48,1.4,2
Potatoes,1592.12,58.8,3,17,899.2,2.7,1
Mustard,5131.39,100.5,3,30,2105.2,-5.8,1
Wheat,1669.59,99.1,1,33,954.58,-26.6,2
Mustard,6242.01,143.0,3,32,2320.84,14.5,2
Wheat,2432.75,15.4,1,5,2222.94,6.9,0
Wheat,2428.27,132.5,1,4,1740.65,6.7,0
Potatoes,1463.11,120.6,5,17,436.66,-5.6,1
Onions,2009.12,43.1,5,25,443.75,-8.7,2
Mustard,5243.29,80.5,1,7,4575.57,-3.8,0
Wheat,2412.18,53.6,1,44,1562.33,6.0,2
Mustard,5707.55,113.4,3,17,3527.67,4.7,0
Onions,2538.29,133.8,5,7,1489.49,15.4,0
Onions,1701.12,118.8,4,11,833.52,-22.7,1
Tomatoes,3545.74,29.9,10,10,1318.17,14.4,0
Onions,2124.62,31.5,6,2,1756.82,-3.4,0
Potatoes,1720.43,100.4,4,20,641.8,11.0,1
Wheat,2953.68,69.2,1,33,2071.73,29.8,2
Tomatoes,2928.73,53.4,8,8,1619.99,-5.5,2
Potatoes,1544.8,32.9,4,5,1158.52,-0.3,0
Mustard,5532.11,94.4,3,18,3377.75,1.5,0
Wheat,2225.43,39.9,1,45,1417.31,-2.2,2
Onions,2535.44,69.4,4,6,1859.6,15.2,0
Wheat,2572.18,63.6,2,24,1590.99,13.1,1
Mustard,5889.98,107.8,1,14,4842.97,8.1,1
Tomatoes,2661.57,85.0,9,1,2105.64,-14.1,0
Tomatoes,3352.08,90.9,9,6,1944.17,8.1,2
Tomatoes,3097.15,11.7,8,6,2111.08,-0.1,2
Onions,1969.58,139.5,5,7,1028.93,-10.5,0
Potatoes,1378.85,23.7,5,9,882.62,-11.0,0
Potatoes,1451.46,129.9,3,6,747.39,-6.4,0
Wheat,2494.73,66.2,2,12,1837.78,9.7,0
Onions,2279.62,147.7,6,9,1060.9,3.6,0
Tomatoes,3003.76,43.1,8,5,2089.8,-3.1,2
Tomatoes,3182.17,12.8,9,1,2877.47,2.7,1
Mustard,5829.09,141.4,1,22,4406.15,7.0,1
Mustard,5084.92,83.0,2,36,2618.32,-6.7,2
Tomatoes,3327.97,32.4,10,4,2330.93,7.4,2
Tomatoes,2775.56,89.7,9,3,1941.14,-10.5,2
Onions,2497.95,143.3,6,6,1413.66,13.5,0
Potatoes,1693.45,62.4,4,10,1047.87,9.3,0
Mustard,6431.02,50.6,3,11,4871.91,18.0,0
Potatoes,1514.46,97.5,4,15,669.07,-2.3,1
Onions,2453.7,57.0,5,17,1052.58,11.5,1
Tomatoes,3216.79,28.1,8,8,1838.05,3.8,2
Potatoes,1424.34,13.3,3,26,700.14,-8.1,2
Tomatoes,3291.74,21.4,8,7,2056.74,6.2,2
Tomatoes,3221.25,49.8,9,1,2774.36,3.9,1
Wheat,2627.33,113.2,2,44,974.86,15.5,2
Potatoes,1574.61,41.6,3,27,696.94,1.6,2
Potatoes,1735.87,128.8,3,26,596.67,12.0,2
Tomatoes,3188.25,93.4,9,9,1389.95,2.8,2
Onions,2531.25,31.3,6,7,1715.03,15.1,0
Wheat,2616.67,70.2,1,15,2046.08,15.0,1
Tomatoes,3911.54,79.3,8,10,1807.76,26.2,2
Mustard,5210.58,53.9,2,1,4805.45,-4.4,0
Mustard,5893.9,145.4,1,13,4722.23,8.1,0
Wheat,1837.33,109.9,2,28,867.21,-19.2,1
Onions,2224.9,36.9,6,10,1253.76,1.1,0
Tomatoes,2552.03,15.5,9,6,1627.8,-17.7,2
Potatoes,1639.82,149.7,3,13,714.96,5.8,1
Wheat,2615.38,13.1,2,44,1172.67,15.0,2
Onions,2213.2,106.1,5,10,1184.04,0.6,0
Potatoes,1428.42,61.5,4,22,530.1,-7.8,2
Mustard,5730.45,76.1,2,14,4387.46,5.1,0
Mustard,4743.02,37.8,2,4,4209.13,-13.0,0
Potatoes,1900.3,130.4,5,4,1122.43,22.6,0
Wheat,1833.56,40.8,2,14,1342.26,-19.4,0
Mustard,5242.85,5.2,2,15,4187.57,-3.8,0
Tomatoes,3345.84,51.0,10,5,2134.6,7.9,2
Potatoes,1856.04,17.3,4,26,644.88,19.7,2
Potatoes,1506.26,142.3,4,3,775.61,-2.8,0
Mustard,5090.87,122.1,3,36,1562.74,-6.6,2
Wheat,2112.7,143.7,1,45,1039.37,-7.1,2
Tomatoes,2958.18,32.0,9,9,1391.41,-4.6,2
Wheat,2218.44,18.8,1,6,1987.07,-2.5,0
Onions,2410.19,24.0,4,23,993.66,9.6,2
Onions,1726.03,51.1,5,0,1461.56,-21.5,0
Mustard,6325.8,18.9,2,0,6085.88,16.1,2
Mustard,5436.13,25.5,1,40,3932.55,-0.3,2
Mustard,5143.65,129.8,2,5,4189.28,-5.6,0
Onions,2196.96,82.0,4,12,1270.22,-0.1,1
Wheat,2045.31,39.8,1,11,1649.07,-10.1,0
Wheat,1939.02,106.1,2,16,1149.61,-14.8,0
Mustard,4814.5,56.5,2,23,3231.91,-11.7,1
Tomatoes,2766.98,17.3,10,8,1356.08,-10.7,2
Wheat,2353.15,126.4,1,9,1643.47,3.4,0
Onions,1950.0,146.8,5,13,762.74,-11.4,1
Potatoes,1567.79,6.3,3,24,851.22,1.1,2
Potatoes,1464.79,48.8,5,13,741.7,-5.5,1
Potatoes,1535.67,44.6,4,9,1022.54,-0.9,0
Tomatoes,3430.13,123.5,8,5,2132.39,10.6,2
Mustard,5217.09,142.9,3,44,929.7,-4.3,2
Onions,2487.21,40.0,4,14,1459.12,13.1,1
Tomatoes,2214.71,10.0,9,2,1882.49,-28.6,0
Onions,2006.16,102.4,4,16,927.23,-8.8,1
Onions,1993.18,19.9,6,15,843.6,-9.4,1
Mustard,5917.15,45.5,3,14,4184.35,8.6,0
Potatoes,1474.3,24.0,5,6,1066.67,-4.9,0
Mustard,6660.41,119.7,1,6,5772.96,22.2,2
Tomatoes,2937.31,92.1,8,4,1991.0,-5.2,2
Tomatoes,2909.03,64.2,9,3,2146.91,-6.2,2
Tomatoes,2797.78,125.8,10,7,1261.92,-9.7,2
Mustard,4674.85,11.4,2,11,3917.24,-14.2,0
Onions,2136.27,98.3,6,12,937.88,-2.9,1
Onions,2448.96,55.2,4,10,1635.2,11.3,0
Wheat,2847.12,75.4,2,34,1450.92,25.1,2
Tomatoes,2929.49,138.3,8,9,1277.18,-5.5,2
Onions,2488.63,34.7,5,8,1695.3,13.1,0
Wheat,2481.4,140.0,1,24,1542.32,9.1,1
Onions,2106.39,91.5,4,2,1573.19,-4.3,0
Tomatoes,2897.05,126.5,8,7,1507.19,-6.5,2
Potatoes,1503.81,79.9,5,1,1080.76,-3.0,0
Tomatoes,3139.15,33.7,10,5,2011.92,1.3,2
Mustard,4957.29,81.1,1,34,3576.58,-9.0,2
Onions,2510.84,35.9,4,15,1436.94,14.1,1
Onions,1879.66,113.2,5,16,692.99,-14.6,1
Mustard,6638.19,14.0,3,36,2260.34,21.8,2
Mustard,4679.47,134.7,2,22,2929.08,-14.1,1
Potatoes,1630.51,67.3,3,3,1225.12,5.2,0
Onions,2185.24,45.4,6,4,1658.27,-0.7,0
Onions,2179.25,16.3,5,12,1304.23,-0.9,1
Potatoes,1517.55,135.3,5,19,377.69,-2.1,1
Wheat,2070.95,57.3,2,22,1303.96,-9.0,1
Potatoes,1274.03,89.8,4,7,702.58,-17.8,0
Tomatoes,2992.57,104.4,9,10,1132.94,-3.5,2
Onions,2243.44,116.0,6,21,409.08,2.0,2
Mustard,5596.98,10.8,2,32,3338.87,2.7,2
Tomatoes,3793.45,62.5,10,9,1580.71,22.4,2
Onions,2329.64,24.2,6,14,1060.37,5.9,1
Potatoes,1429.36,9.5,3,2,1295.4,-7.8,0
Tomatoes,2790.06,137.8,10,3,1733.61,-10.0,2
Onions,2150.74,113.8,5,7,1260.54,-2.2,0
Wheat,2867.74,91.5,2,22,1765.4,26.1,1
Wheat,2217.7,125.5,1,17,1444.52,-2.5,0
Mustard,5680.09,88.2,2,8,4673.31,4.2,0
Onions,2382.32,69.2,6,23,348.0,8.3,2
Wheat,2754.84,89.9,1,37,1785.66,21.1,2
Potatoes,1786.41,7.3,5,13,1041.2,15.3,1
Onions,2113.65,88.3,5,24,468.73,-3.9,2
Potatoes,1543.85,28.1,3,26,715.21,-0.4,2
Potatoes,1491.28,125.8,4,24,379.63,-3.8,2
Wheat,2353.35,140.4,1,14,1533.83,3.4,0
Onions,1980.66,43.5,6,7,1305.48,-10.0,0
Tomatoes,3117.4,33.9,8,0,2851.65,0.6,1
Wheat,2176.42,26.3,1,16,1785.48,-4.3,0
Wheat,2409.04,73.7,2,18,1590.9,5.9,0
Onions,2287.07,120.8,4,22,801.33,4.0,2
Onions,2046.49,130.4,4,11,1044.21,-7.0,1
Potatoes,1744.59,86.6,5,17,646.8,12.6,1
Onions,2149.1,36.1,6,18,665.11,-2.3,2
Potatoes,1300.85,30.8,3,16,776.1,-16.1,1
Wheat,2065.0,85.0,2,23,1188.23,-9.2,1
Mustard,5203.28,106.8,3,11,3704.13,-4.5,0
Tomatoes,2763.45,106.4,8,1,2122.37,-10.9,0
Wheat,2552.07,48.0,1,3,2243.9,12.2,0
Onions,1876.04,123.5,6,9,867.15,-14.7,0
Tomatoes,3249.78,51.9,8,5,2242.94,4.8,2
Mustard,5489.14,148.0,1,10,4430.56,0.7,0
Mustard,5337.15,102.7,1,35,3766.92,-2.1,2
Potatoes,1312.41,21.5,4,24,490.64,-15.3,2
Tomatoes,3438.86,72.7,8,0,3042.93,10.9,1
Potatoes,1581.22,50.7,4,21,655.44,2.0,2
Wheat,2167.21,107.3,2,3,1581.94,-4.7,0
Tomatoes,3627.11,79.1,10,8,1663.28,17.0,2
Wheat,2604.65,139.3,2,40,1001.37,14.5,2
Potatoes,1718.09,116.6,4,8,936.49,10.8,0
Tomatoes,2922.41,101.5,9,9,1237.31,-5.7,2
Potatoes,1494.45,104.0,3,1,978.62,-3.6,0
Tomatoes,3363.73,55.6,8,9,1730.27,8.5,2
Potatoes,1736.63,9.4,5,11,1102.48,12.0,0
Mustard,5808.69,51.3,3,15,3987.02,6.6,0
Potatoes,1602.4,149.4,5,24,251.45,3.4,2
Mustard,5489.33,114.1,2,29,3172.69,0.7,1
Potatoes,1333.17,47.9,5,3,992.77,-14.0,0
Tomatoes,3790.75,122.9,9,3,2649.66,22.3,2
Tomatoes,3191.86,94.4,10,0,2703.22,3.0,1
Tomatoes,2522.77,88.1,10,0,2075.86,-18.6,0
Onions,1970.7,56.5,6,25,251.56,-10.4,2
Wheat,2027.84,144.0,1,17,1202.68,-10.9,0
Tomatoes,3840.14,24.9,10,10,1445.57,23.9,2
Mustard,6109.0,98.5,1,34,4412.68,12.1,2
Tomatoes,3519.59,105.0,10,2,2619.49,13.5,0
Onions,2473.61,91.1,4,8,1627.46,12.4,0
Mustard,5388.35,146.5,2,8,4177.69,-1.1,0
Onions,2247.91,121.9,4,6,1416.17,2.2,0
Mustard,5154.46,115.0,2,8,4098.62,-5.4,0
Potatoes,1835.15,129.1,4,2,1159.06,18.4,0
Wheat,2208.38,123.5,2,11,1396.15,-2.9,0
Wheat,2412.1,18.9,2,44,1062.22,6.0,2
Onions,1973.1,125.2,6,25,205.54,-10.3,2
Wheat,2460.47,135.3,1,12,1672.64,8.2,0
Onions,2347.06,116.7,4,21,880.38,6.7,2
Onions,2437.72,75.9,5,14,1187.5,10.8,1
Onions,2573.76,134.5,4,16,1180.89,17.0,1
Wheat,2553.73,105.0,2,33,1226.21,12.3,2
Onions,2410.19,117.8,4,12,1304.3,9.6,2
Wheat,2068.4,31.5,1,25,1562.33,-9.1,1
Onions,2698.77,5.6,5,0,2611.19,22.7,2
Tomatoes,3104.23,17.2,9,8,1669.32,0.1,2
Onions,2118.63,99.8,6,12,924.23,-3.7,1
Mustard,5223.23,37.9,1,30,4010.92,-4.2,1
Onions,2310.88,7.9,5,7,1751.64,5.0,0
Potatoes,1584.23,59.8,4,23,574.98,2.2,2
Onions,2219.12,58.7,4,1,1864.73,0.9,0
Mustard,5494.42,48.0,1,23,4455.27,0.8,1
Mustard,6085.26,112.4,3,20,3492.96,11.7,1
Wheat,2234.63,148.2,2,37,846.81,-1.8,2
Tomatoes,3327.5,147.5,9,3,2176.45,7.3,2
Onions,2436.75,109.5,5,19,814.96,10.8,2
Wheat,2465.27,106.0,1,35,1531.78,8.4,2
Tomatoes,3340.44,121.1,10,7,1582.64,7.8,2
Onions,2300.8,69.3,5,11,1301.77,4.6,1
Potatoes,1765.75,30.1,4,21,768.72,13.9,2
Onions,2347.43,117.4,6,2,1644.58,6.7,0
Mustard,5372.98,80.9,3,36,1725.32,-1.4,2
Mustard,5117.07,118.8,1,1,4453.25,-6.1,0
Potatoes,1007.5,84.9,5,22,205.8,-35.0,2
Wheat,2548.93,91.5,2,23,1510.41,12.0,1
Tomatoes,2764.01,115.4,10,6,1401.24,-10.8,2
Onions,2017.83,117.1,4,19,789.08,-8.3,2
Mustard,5377.51,9.2,2,10,4588.99,-1.3,0
Wheat,2757.99,121.9,1,38,1663.1,21.2,2
Potatoes,1174.99,69.3,3,22,507.14,-24.2,2
Mustard,5484.91,95.0,1,44,3641.52,0.6,2
Potatoes,1666.83,60.2,4,25,545.04,7.5,2
Onions,2191.11,75.0,4,18,1027.96,-0.4,2
Tomatoes,2595.59,129.5,10,6,1254.99,-16.3,2
Mustard,6738.02,109.3,2,42,3031.26,23.6,2
Mustard,4969.61,41.1,2,12,4010.59,-8.8,0
Onions,2197.79,63.0,5,21,692.02,-0.1,2
Wheat,2541.4,133.6,2,14,1571.96,11.7,0
Tomatoes,2568.14,145.8,9,10,855.91,-17.2,2
Mustard,4520.74,112.3,1,19,3477.53,-17.1,1
Tomatoes,3325.11,117.1,9,7,1699.09,7.3,2
Mustard,5266.7,133.9,2,13,3847.64,-3.4,0
Tomatoes,2914.39,79.7,9,5,1823.14,-6.0,2
Potatoes,1592.07,65.7,3,14,945.9,2.7,1
Mustard,5535.29,60.0,1,33,4133.98,1.6,2
Tomatoes,2972.76,109.0,8,4,1957.63,-4.1,2
Wheat,1934.13,32.1,1,39,1304.38,-15.0,2
Potatoes,1423.08,51.2,5,8,884.81,-8.2,0
Potatoes,1703.38,97.6,5,29,184.52,9.9,2
Wheat,2500.2,13.0,1,30,1945.2,9.9,1
Tomatoes,2971.35,136.5,8,7,1525.65,-4.2,2
Onions,2297.94,29.7,5,3,1887.14,4.5,1
Wheat,2663.56,143.7,1,39,1504.15,17.1,2
Tomatoes,2977.15,73.0,10,5,1812.37,-4.0,2
Wheat,2223.9,57.3,2,2,1875.45,-2.2,0
Wheat,2623.42,13.7,1,16,2249.83,15.3,1
Mustard,4543.97,26.9,1,10,4034.19,-16.6,0
Tomatoes,3320.62,99.8,8,4,2266.53,7.1,2
Onions,2284.61,127.8,5,15,915.1,3.8,1
Mustard,4094.47,30.2,3,5,3486.56,-24.9,0
Wheat,1826.09,145.4,2,0,1135.27,-19.7,0
Wheat,2828.26,63.2,1,5,2412.68,24.3,2
Wheat,1819.42,115.0,2,41,642.89,-20.0,2
Tomatoes,3512.28,133.9,9,2,2532.82,13.3,0
Tomatoes,3118.99,31.7,9,0,2866.41,0.6,1
Mustard,5905.55,29.4,2,7,5139.71,8.4,0
Onions,2137.3,31.0,6,17,740.52,-2.8,1
Mustard,5331.02,132.5,1,21,4045.0,-2.2,1
Potatoes,1678.7,129.6,4,9,832.55,8.3,0
Wheat,2315.6,100.4,1,34,1446.72,1.8,2
Wheat,2486.79,65.2,1,20,1886.42,9.3,0
Wheat,2158.87,128.7,1,30,1259.96,-5.1,1
Mustard,4924.01,79.5,2,29,2912.99,-9.7,1
Mustard,6455.59,106.2,2,11,5076.57,18.5,0
Wheat,2492.71,146.7,1,26,1504.6,9.6,1
Mustard,4336.01,69.3,1,11,3677.57,-20.4,0
Tomatoes,2795.07,45.1,9,8,1440.57,-9.8,2
Tomatoes,3225.09,88.3,10,6,1768.47,4.0,2
Mustard,4733.59,130.2,1,38,3128.93,-13.1,2
Wheat,2056.53,59.4,1,33,1401.98,-9.6,2
Mustard,6920.3,108.9,2,7,5763.33,27.0,2
Mustard,5371.91,142.8,1,31,3762.2,-1.4,1
Mustard,5770.22,74.0,3,43,1202.73,5.9,2
Potatoes,1721.9,69.2,5,23,426.58,11.1,2
Tomatoes,3144.02,82.7,10,3,2221.37,1.4,2
Onions,1905.36,61.6,5,18,731.42,-13.4,2
Onions,2588.37,16.8,4,0,2435.8,17.7,2
Potatoes,1603.75,11.1,5,25,376.27,3.5,2
Mustard,5326.98,86.1,3,23,2832.13,-2.3,1
Potatoes,1627.99,58.9,5,23,412.42,5.0,2
Potatoes,1348.56,122.0,5,29,115.89,-13.0,2
Wheat,2426.55,60.5,1,35,1663.56,6.7,2
Tomatoes,2561.87,89.7,9,9,1082.99,-17.4,2
Onions,1862.34,73.4,4,19,813.17,-15.3,2
Mustard,5497.49,64.3,3,5,4639.35,0.9,0
Onions,2030.14,24.5,5,23,571.19,-7.7,2
Onions,2261.36,120.0,6,1,1615.79,2.8,0
Tomatoes,3081.77,137.7,9,8,1363.48,-0.6,2
Onions,2326.08,80.5,5,24,536.85,5.7,2
Onions,1957.84,14.0,5,4,1614.52,-11.0,0
Potatoes,1590.45,56.8,4,5,1146.68,2.6,0
Tomatoes,3437.72,21.4,9,3,2715.59,10.9,2
Wheat,2309.26,20.3,1,18,1910.02,1.5,0
Mustard,4526.83,116.9,3,3,3699.09,-16.9,0
Onions,2443.85,77.2,5,24,573.32,11.1,2
Mustard,4684.31,139.3,3,21,2465.47,-14.0,1
Wheat,2687.1,147.3,1,13,1816.81,18.1,0
Mustard,3542.5,100.6,2,27,2040.81,-35.0,1
Wheat,2299.23,144.2,2,3,1546.59,1.1,0
Potatoes,1611.63,117.4,5,1,1019.56,4.0,0
Onions,2178.49,17.7,5,16,1054.93,-1.0,1
Wheat,2488.51,32.3,1,22,1948.61,9.4,1
Mustard,5962.72,146.3,1,42,3878.47,9.4,2
Onions,2144.6,94.5,4,5,1475.28,-2.5,0
Potatoes,1706.76,85.9,4,23,576.16,10.1,2
Onions,2057.78,23.5,5,13,1144.13,-6.5,1
Wheat,2199.22,61.1,2,39,1000.31,-3.3,2
Potatoes,1651.5,123.4,3,27,546.47,6.5,2
Mustard,3966.44,35.7,1,35,2901.6,-27.2,2
Potatoes,1054.02,140.1,3,4,373.51,-32.0,0
Potatoes,1852.96,44.0,3,22,977.21,19.5,2
Tomatoes,2840.94,111.9,10,9,1049.06,-8.4,2
Potatoes,1315.07,101.5,5,23,257.93,-15.2,2
Potatoes,1686.46,134.3,3,21,652.09,8.8,2
Onions,2463.31,14.7,6,14,1153.62,12.0,1
Mustard,6138.91,78.1,2,4,5392.78,12.6,0
Onions,1934.34,46.3,4,16,1039.38,-12.1,1
Onions,2253.22,11.2,5,2,2012.5,2.4,1
Wheat,1917.31,23.0,1,29,1438.04,-15.7,1
Onions,2109.4,117.3,4,6,1317.69,-4.1,0
Tomatoes,3231.43,104.5,10,9,1240.41,4.2,2
Tomatoes,2602.72,68.4,9,9,1152.83,-16.0,2
Wheat,2030.15,104.2,1,31,1237.81,-10.8,1
Mustard,5403.74,14.9,3,29,2488.59,-0.8,1
Mustard,4750.51,6.1,2,12,3953.78,-12.8,0
Onions,2140.16,99.5,4,10,1253.7,-2.7,0
Onions,2304.33,84.1,5,15,1033.89,4.7,1
Onions,1744.47,47.2,5,14,868.36,-20.7,1
Mustard,5960.67,118.4,3,33,2155.31,9.4,2
Potatoes,1332.86,102.7,3,12,661.74,-14.0,0
Tomatoes,2453.58,82.6,8,6,1447.36,-20.9,2
Potatoes,1565.87,23.5,4,29,423.64,1.0,2
Potatoes,1191.9,77.9,4,28,268.14,-23.1,2
Mustard,5925.54,117.1,2,17,4202.94,8.7,0
Potatoes,1283.81,115.3,5,15,406.61,-17.2,1
Wheat,2255.88,24.9,1,15,1875.84,-0.8,0
Onions,1715.29,69.0,4,4,1238.92,-22.0,0
Wheat,2154.56,118.7,1,3,1548.93,-5.3,0
Tomatoes,2523.02,108.8,8,5,1507.05,-18.6,2
Onions,2597.37,20.0,6,18,853.75,18.1,2
Potatoes,1378.9,67.6,3,5,952.88,-11.0,0
Tomatoes,2452.57,76.5,8,6,1466.2,-20.9,2
Onions,2460.06,133.7,5,25,452.3,11.8,2
Potatoes,1621.85,53.2,3,14,1009.81,4.6,1
Wheat,2197.42,59.3,2,29,1230.08,-3.4,1
Onions,2613.9,101.8,4,23,942.38,18.8,2
Potatoes,1448.41,89.1,3,2,981.83,-6.6,0
Wheat,1888.85,30.8,1,37,1296.36,-17.0,2
Tomatoes,3725.24,41.4,9,1,3277.36,20.2,2
Tomatoes,3099.16,112.7,9,10,1163.81,-0.0,2
Tomatoes,3045.88,102.3,10,2,2221.66,-1.7,0
Tomatoes,3070.98,107.5,10,0,2525.81,-0.9,0
Mustard,5257.75,44.5,1,45,3615.21,-3.5,2
Onions,2252.98,99.9,6,9,1188.66,2.4,0
Onions,2250.54,98.6,6,4,1508.13,2.3,0
Mustard,5930.79,13.0,1,23,4942.86,8.8,1
Potatoes,1658.69,48.9,5,1,1363.3,7.0,1
Potatoes,1371.2,101.1,4,0,888.83,-11.5,0
Tomatoes,2858.02,96.4,9,6,1600.13,-7.8,2
Wheat,2290.7,25.3,2,3,2017.73,0.7,0
Potatoes,1496.38,6.9,4,0,1425.05,-3.5,0
Wheat,2049.89,121.3,2,17,1164.58,-9.9,0
Onions,1841.37,75.7,4,9,1147.69,-16.3,0
Wheat,1873.23,103.9,1,31,1113.73,-17.7,1
Onions,2478.54,45.4,5,13,1357.05,12.7,1
Mustard,5585.66,35.7,2,19,4060.52,2.5,1
Mustard,4681.37,91.3,2,2,4076.65,-14.1,0
Tomatoes,2849.09,63.0,9,9,1289.42,-8.1,2
Potatoes,1905.56,49.0,5,26,362.33,22.9,2
Tomatoes,3347.79,63.1,10,6,1918.01,8.0,2
Onions,1914.76,37.7,6,12,937.35,-13.0,1
Tomatoes,3128.28,69.7,8,5,2091.57,0.9,2
Wheat,2359.82,73.0,1,2,1960.31,3.7,0
Onions,2153.62,20.9,4,9,1556.36,-2.1,0
Mustard,5353.56,64.2,1,12,4600.64,-1.8,0
Potatoes,1369.35,98.1,5,16,468.27,-11.7,1
Onions,2196.52,108.2,6,6,1305.9,-0.2,0
Onions,2649.27,57.5,5,7,1846.65,20.4,0
Wheat,2398.27,63.5,2,20,1569.06,5.4,1
Potatoes,1514.52,22.4,3,11,1082.56,-2.3,0
Mustard,6093.92,149.9,3,7,4630.01,11.8,0
Onions,2408.74,107.2,6,4,1607.71,9.5,0
Onions,1468.35,112.7,4,25,372.73,-33.3,2
Wheat,2167.02,145.3,1,28,1222.9,-4.7,1
Tomatoes,2799.96,111.4,9,7,1394.94,-9.7,2
Mustard,5210.79,59.8,3,12,3792.58,-4.4,0
Potatoes,1549.3,55.7,3,5,1153.57,-0.0,0
Onions,2228.42,108.6,6,25,254.27,1.3,2
Onions,1876.06,86.6,4,14,962.03,-14.7,1
Mustard,5593.33,45.2,3,43,1192.84,2.6,2
Tomatoes,3241.86,36.0,10,1,2783.36,4.6,1
Onions,2210.88,40.2,5,10,1390.03,0.5,0
Mustard,6844.45,123.6,1,2,6077.54,25.6,2
Wheat,2457.62,32.8,1,42,1654.33,8.0,2
Tomatoes,2906.21,120.4,8,8,1420.67,-6.3,2
Potatoes,1619.79,82.6,3,10,996.87,4.5,0
Onions,2497.2,81.3,4,25,832.56,13.5,2
Mustard,5530.48,126.1,2,25,3396.69,1.5,1
Wheat,2407.92,145.9,1,14,1560.14,5.8,0
Potatoes,1543.23,7.0,4,21,729.3,-0.4,2
Mustard,4055.12,81.1,3,34,1400.32,-25.6,2
Mustard,6121.8,59.5,2,34,3393.12,12.3,2
Potatoes,1552.96,7.5,5,15,812.3,0.2,1
Wheat,2324.28,27.6,1,14,1934.77,2.2,1
Wheat,2001.73,143.1,2,25,922.42,-12.0,1
Tomatoes,2952.87,51.0,8,6,1896.99,-4.7,2
Onions,2351.22,102.3,5,1,1788.53,6.9,0
Potatoes,1516.42,125.7,5,4,809.99,-2.2,0
Potatoes,1382.66,97.3,4,15,586.98,-10.8,1
Potatoes,1443.48,64.4,4,18,638.89,-6.9,1
Wheat,2475.07,137.9,2,14,1501.78,8.8,0
Onions,2016.22,56.6,5,3,1566.29,-8.4,0
Tomatoes,3063.54,128.0,9,1,2295.25,-1.2,0
Mustard,5979.65,63.2,1,0,5575.66,9.7,0
Mustard,4680.31,54.9,1,8,4131.35,-14.1,0
Potatoes,1851.83,40.0,4,30,440.94,19.5,2
Onions,1789.89,95.7,5,4,1164.63,-18.6,0
Wheat,2241.96,16.0,1,19,1861.59,-1.5,1
Onions,1975.34,128.3,5,25,339.62,-10.2,0
Onions,2332.2,8.1,4,3,2075.9,6.0,0
Wheat,2467.41,90.0,2,10,1771.49,8.5,0
Potatoes,1700.57,37.9,5,18,662.01,9.7,1
Onions,2197.11,29.5,6,5,1620.46,-0.1,0
Mustard,5737.66,137.4,1,32,4043.72,5.3,2
Wheat,2263.34,116.0,2,37,943.02,-0.5,2
Tomatoes,2987.28,53.9,10,7,1557.29,-3.6,2
Potatoes,1483.34,109.4,5,9,701.8,-4.3,0
Wheat,2586.17,95.2,1,18,1878.59,13.7,1
Tomatoes,3600.38,138.1,9,9,1494.16,16.1,2
Tomatoes,2876.09,62.8,10,6,1623.02,-7.2,2
Onions,2265.15,102.7,6,23,302.32,3.0,2
Onions,2209.63,110.2,4,1,1629.47,0.4,0
Onions,2585.87,26.4,6,8,1691.54,17.5,0
Wheat,2238.69,98.4,1,14,1604.02,-1.6,0
Wheat,2465.12,139.3,1,36,1402.55,8.4,2
Potatoes,1360.95,127.3,3,30,350.01,-12.2,2
Onions,2141.46,38.6,6,16,791.62,-2.7,1
Tomatoes,2486.99,124.8,8,0,1875.65,-19.8,0
Mustard,4196.83,138.4,2,17,2778.11,-23.0,0
Potatoes,1358.51,104.2,3,2,831.39,-12.4,0
Wheat,2505.22,127.5,1,1,1870.08,10.1,0
Potatoes,1382.72,56.7,4,26,413.57,-10.8,2
Potatoes,1481.04,85.6,4,20,554.43,-4.4,1
Potatoes,1526.97,55.7,4,17,737.5,-1.5,1
Potatoes,1591.96,69.6,3,17,865.36,2.7,1
Mustard,4944.56,94.2,2,13,3731.97,-9.3,0
Onions,2017.75,110.1,6,12,841.74,-8.3,1
Tomatoes,3068.06,135.3,10,7,1390.75,-1.0,2
Potatoes,1716.46,89.2,4,13,881.14,10.7,1
Potatoes,1647.78,144.1,4,21,479.32,6.3,2
Potatoes,1289.19,87.1,4,26,327.67,-16.8,2
Onions,2201.05,8.2,4,7,1753.71,0.0,0
Wheat,2147.29,29.6,2,19,1487.45,-5.6,1
Wheat,2584.23,97.6,1,12,1942.62,13.6,0
Mustard,5807.74,112.4,2,0,5185.79,6.6,0
Wheat,2637.53,132.9,2,33,1199.98,15.9,2
Potatoes,1306.39,31.6,5,12,698.02,-15.7,0
Potatoes,1639.56,109.7,3,21,692.36,5.8,2
Potatoes,1791.49,16.2,3,27,852.45,15.6,2
Mustard,4738.79,85.1,1,30,3494.07,-13.0,1
Potatoes,1481.04,122.4,5,12,576.4,-4.4,0
Wheat,2255.25,144.3,1,30,1279.85,-0.9,1
Onions,2449.0,141.1,6,2,1637.98,11.3,0
Onions,2317.73,74.4,4,22,914.06,5.4,2
Tomatoes,2998.67,134.6,8,6,1661.09,-3.3,2
Wheat,2754.26,59.3,2,9,2169.63,21.1,0
Potatoes,1572.22,5.9,4,10,1144.09,1.4,0
Onions,2513.95,81.5,5,14,1216.21,14.3,1
Wheat,2398.63,100.1,1,6,1831.8,5.4,0
Onions,2129.72,148.8,6,5,1162.37,-3.2,0
Potatoes,1709.72,12.0,3,13,1228.3,10.3,1
Onions,2425.04,40.3,4,21,1088.81,10.2,2
Tomatoes,3641.51,62.2,9,5,2400.81,17.5,2
Tomatoes,2956.46,112.2,8,3,2047.92,-4.6,2
Onions,1839.33,49.2,4,4,1429.35,-16.4,0
Wheat,2268.79,22.6,2,45,960.39,-0.3,2
Wheat,2198.97,112.0,1,26,1393.44,-3.3,1
Wheat,2316.69,100.7,1,34,1446.5,1.8,2
Onions,1757.54,12.2,6,8,1174.22,-20.1,0
Wheat,2274.16,96.9,1,36,1405.42,-0.0,2
Potatoes,1402.53,78.1,5,3,930.96,-9.5,2
Tomatoes,3069.24,60.2,9,2,2441.36,-1.0,0
Potatoes,1405.18,47.2,4,18,661.54,-9.3,1
Wheat,2450.83,91.2,2,18,1561.27,7.7,0
Potatoes,1613.66,107.4,4,23,491.94,4.1,2
Wheat,2026.53,109.0,2,20,1136.58,-10.9,1
Onions,2208.0,149.6,5,8,1132.89,0.4,0
Potatoes,1621.07,67.1,5,9,939.29,4.6,0
Onions,2176.65,76.1,5,17,877.43,-1.1,1
Onions,2523.43,95.6,5,12,1307.37,14.7,1
Mustard,5210.78,72.4,1,3,4694.71,-4.4,0
Wheat,2255.46,126.0,2,18,1288.39,-0.9,0
Tomatoes,3970.02,65.3,8,1,3424.12,28.1,2
Wheat,2610.46,44.4,2,18,1849.03,14.7,0
Tomatoes,2942.24,116.5,8,4,1906.19,-5.1,2
Wheat,2404.76,145.7,1,4,1660.19,5.7,0
Onions,2193.21,48.7,4,23,864.73,-0.3,2
Potatoes,1365.12,25.9,5,29,177.36,-11.9,2
Potatoes,1273.64,140.7,5,26,135.3,-17.8,2
Mustard,4368.5,59.3,1,8,3821.59,-19.8,0
Tomatoes,2669.87,130.3,8,1,1932.68,-13.9,0
Tomatoes,3215.25,28.3,10,10,1192.46,3.7,2
Tomatoes,3222.4,30.7,10,5,2081.63,3.9,2
Onions,2719.62,80.5,6,15,1059.37,23.6,1
Tomatoes,2390.59,95.2,10,5,1340.06,-22.9,2
Potatoes,1543.01,9.1,3,25,801.65,-0.5,2
Onions,2227.55,65.7,6,23,324.62,1.3,2
Wheat,2129.21,10.0,1,8,1929.35,-6.4,0
Tomatoes,3596.8,114.9,8,0,3007.81,16.0,1
Tomatoes,2811.56,116.3,9,2,1990.93,-9.3,0
Wheat,2762.18,12.4,1,42,1969.14,21.4,2
Tomatoes,3038.46,118.7,9,9,1255.98,-2.0,2
Wheat,1911.47,78.4,1,9,1438.34,-16.0,0
Onions,2001.92,67.1,6,1,1600.17,-9.0,0
Potatoes,1484.94,138.1,4,29,253.47,-4.2,2
Wheat,2835.33,13.8,1,8,2566.42,24.6,2
Mustard,4825.52,124.7,1,15,3792.75,-11.5,0
Wheat,1854.37,101.4,1,35,1075.18,-18.5,2
Tomatoes,3266.15,20.5,10,6,1969.81,5.4,2
Onions,1727.79,31.3,5,5,1279.62,-21.5,0
Onions,2015.95,84.9,5,4,1402.35,-8.4,0
Wheat,1906.55,147.1,1,29,996.54,-16.2,1
Potatoes,1604.79,98.2,4,3,1049.38,3.5,0
Mustard,5026.97,98.7,1,26,3783.04,-7.8,1
Onions,2342.85,54.5,6,23,352.73,6.5,2
Tomatoes,2970.53,140.6,8,3,1950.33,-4.2,2
Tomatoes,3246.3,94.1,8,2,2493.16,4.7,0
Potatoes,1688.11,45.1,3,16,1033.4,8.9,1
Onions,2089.56,68.1,5,10,1218.92,-5.0,0
Wheat,2196.61,108.7,1,15,1513.81,-3.4,0
Tomatoes,3008.67,60.4,9,1,2532.15,-2.9,0
Potatoes,1634.38,99.3,3,1,1134.06,5.4,0
Onions,2292.88,123.0,6,4,1449.66,4.2,0
Onions,2534.29,29.6,5,12,1475.84,15.2,1
Onions,2277.39,23.5,4,20,1087.24,3.5,2
Onions,2557.31,141.5,4,22,882.36,16.2,2
Onions,1766.13,72.1,5,20,562.54,-19.7,2
Tomatoes,3496.24,117.2,10,10,1159.57,12.8,2
Potatoes,1372.66,30.6,4,12,827.06,-11.4,0
Onions,2319.3,21.7,5,18,985.65,5.4,2
Mustard,5347.78,52.3,1,43,3714.06,-1.9,2
Mustard,5864.12,31.4,1,19,4924.78,7.6,1
Potatoes,1527.97,11.4,4,6,1223.23,-1.4,0
Wheat,2565.14,52.1,2,25,1595.57,12.8,1
Wheat,2511.06,56.2,2,25,1545.56,10.4,1
Wheat,2353.83,31.2,1,0,2119.55,3.5,0
Mustard,5561.9,104.7,1,12,4620.99,2.1,0
Wheat,1679.71,77.5,1,18,1157.25,-26.2,0
Tomatoes,3707.16,45.1,8,4,2771.49,19.6,2
Onions,1955.43,38.8,4,9,1319.88,-11.1,0
Mustard,5216.87,33.4,2,19,3792.17,-4.3,1
Potatoes,1470.19,9.3,5,19,595.54,-5.1,1
Potatoes,1540.44,52.6,5,5,1081.99,-0.6,0
Onions,2084.73,134.0,4,5,1267.23,-5.2,0
Mustard,5185.85,7.1,2,44,2378.66,-4.8,2
Wheat,2508.62,76.6,2,11,1834.73,10.3,0
Wheat,2254.51,42.2,1,8,1922.58,-0.9,0
Tomatoes,3210.27,112.6,9,2,2354.31,3.6,0
Tomatoes,3218.61,25.6,8,2,2712.58,3.8,1
Wheat,1822.15,116.9,2,12,1078.27,-19.9,0
Potatoes,1387.63,53.5,5,11,749.82,-10.5,0
Potatoes,1466.0,75.2,4,7,913.77,-5.4,0
Tomatoes,2614.11,108.9,8,9,1176.77,-15.7,2
Onions,2117.61,84.0,4,11,1249.18,-3.7,1
Wheat,2795.28,133.2,1,21,1870.34,22.9,1
Tomatoes,3140.67,126.1,9,4,1968.16,1.3,2
Tomatoes,3261.78,56.2,8,5,2237.17,5.2,2
Wheat,2708.22,108.8,1,21,1891.73,19.0,1
Wheat,2635.7,15.7,2,2,2429.06,15.9,2
Potatoes,1559.29,88.0,4,22,534.35,0.6,2
Onions,2072.36,136.2,4,6,1213.82,-5.8,0
Onions,2192.48,16.8,4,1,1998.68,-0.3,0
Wheat,1985.53,11.5,2,29,1223.69,-12.7,1
Mustard,4396.87,84.0,2,0,3930.93,-19.3,0
Tomatoes,2854.65,76.0,8,5,1866.22,-7.9,2
Tomatoes,3223.68,78.3,8,2,2537.4,4.0,0
Wheat,2244.27,41.8,2,42,997.6,-1.4,2
Mustard,6138.37,131.3,3,23,3178.91,12.6,1
Potatoes,1260.97,146.0,4,15,370.4,-18.6,1
Wheat,2023.74,86.5,1,40,1211.45,-11.0,2
Wheat,2513.15,10.4,1,24,2054.82,10.5,1
Tomatoes,2700.68,149.4,10,3,1618.98,-12.9,2
Wheat,2154.42,135.6,1,15,1366.03,-5.3,0
Wheat,2586.89,68.2,2,41,1131.95,13.7,2
Wheat,2454.6,140.6,2,34,1049.5,7.9,2
Tomatoes,2564.87,17.3,10,2,2120.6,-17.3,0
Potatoes,1931.08,56.0,5,11,1099.11,24.6,0
Potatoes,1691.21,57.6,3,9,1171.68,9.1,0
Wheat,2259.19,134.2,1,45,1175.38,-0.7,2
Tomatoes,2668.43,123.6,9,9,1058.25,-13.9,2
Potatoes,1450.0,52.5,4,10,900.41,-6.5,0
Potatoes,1881.0,81.5,4,19,803.29,21.4,1
Potatoes,1323.01,21.9,3,14,871.53,-14.6,1
Tomatoes,3195.82,128.1,9,7,1589.49,3.1,2
Tomatoes,2843.67,106.6,10,7,1338.12,-8.3,2
Wheat,2300.93,73.1,2,24,1371.28,1.1,1
Onions,2230.76,41.2,4,20,1040.39,1.4,2
Potatoes,1541.42,136.4,5,5,762.27,-0.6,0
Onions,2670.41,85.2,6,3,1992.37,21.4,1
Tomatoes,3211.97,99.5,10,9,1241.99,3.6,2
Tomatoes,2119.47,34.8,8,9,1061.18,-31.6,2
Tomatoes,2769.15,70.5,8,2,2166.45,-10.7,0
Onions,2336.09,6.8,6,25,337.29,6.2,2
Tomatoes,3114.61,139.4,9,1,2294.07,0.5,0
Wheat,2248.08,62.1,1,42,1438.9,-1.2,2
Tomatoes,2858.25,92.2,8,3,2042.57,-7.8,2
Mustard,5391.31,66.1,3,25,2742.32,-1.1,1
Onions,2533.19,99.2,5,25,509.03,15.1,2
Mustard,5826.38,128.5,1,7,4916.08,6.9,0
Tomatoes,2481.28,27.8,9,0,2264.85,-20.0,0
Wheat,2369.99,119.8,2,11,1548.07,4.2,0
Potatoes,1683.5,60.4,4,7,1146.52,8.6,0
Tomatoes,3347.59,10.0,9,10,1481.49,8.0,2
Wheat,2355.08,26.6,1,43,1594.1,3.5,2
Onions,2241.78,44.0,6,6,1567.17,1.9,0
Mustard,4783.7,47.0,1,41,3375.3,-12.2,2
Mustard,5446.48,145.3,1,40,3559.61,-0.1,2
Mustard,4826.96,24.0,2,22,3375.61,-11.4,1
Onions,2102.64,121.7,5,8,1149.83,-4.4,0
Wheat,2533.24,11.6,2,23,1746.99,11.4,1
Onions,1942.22,135.9,5,25,322.96,-11.7,2
Mustard,6087.87,97.6,3,25,3039.8,11.7,1
Tomatoes,3165.12,129.3,10,9,1159.19,2.1,2
Potatoes,1462.92,59.3,4,21,578.74,-5.6,2
Onions,1946.47,11.7,6,12,1043.61,-11.5,1
Onions,1736.65,12.5,4,17,963.13,-21.1,1
Wheat,2665.26,17.7,1,36,1964.51,17.2,2
Wheat,2192.26,65.0,1,38,1432.77,-3.6,2
Onions,1903.19,103.9,4,18,793.82,-13.5,2
Mustard,4441.32,44.4,1,12,3853.7,-18.5,0
Potatoes,1575.07,80.9,4,23,528.42,1.6,2
Wheat,2548.28,108.7,1,43,1490.06,12.0,2
Mustard,5879.3,96.8,2,1,5262.2,7.9,0
Tomatoes,3447.48,111.7,9,9,1478.2,11.2,2
Wheat,2206.74,136.0,2,44,731.89,-3.0,2
Mustard,5182.7,50.4,1,33,3891.5,-4.9,2
Mustard,5215.02,5.0,1,19,4501.52,-4.3,1
Potatoes,1502.13,120.5,4,4,840.57,-3.1,0
Potatoes,1551.95,40.3,4,18,760.87,0.1,1
Tomatoes,2579.18,40.2,10,8,1220.28,-16.8,2
Mustard,6274.28,32.8,2,32,3666.43,15.1,2
Mustard,5082.63,107.0,2,45,2069.76,-6.7,2
Potatoes,1251.72,85.9,5,24,235.24,-19.2,2
Wheat,2498.88,6.7,2,21,1801.71,9.8,1
Wheat,2268.76,50.6,2,3,1923.84,-0.3,0
Onions,2286.55,22.9,4,9,1649.08,3.9,0
Potatoes,1214.01,134.1,4,28,192.3,-21.7,2
Onions,2033.41,44.1,5,6,1471.32,-7.6,0
Potatoes,1532.94,124.6,4,6,805.99,-1.1,0
Tomatoes,2987.34,59.8,10,1,2498.98,-3.6,0
Mustard,6418.04,13.2,2,34,3676.6,17.8,2
Tomatoes,3289.26,60.4,9,9,1517.16,6.1,2
Potatoes,1474.04,137.7,5,20,329.96,-4.9,1
Mustard,4463.79,79.9,2,4,3822.25,-18.1,0
Wheat,1954.83,10.9,2,3,1783.72,-14.1,2
Wheat,2631.2,127.5,2,30,1283.09,15.7,1
Onions,2152.31,22.8,4,20,1025.68,-2.2,2
Potatoes,1703.53,6.4,4,19,887.3,9.9,1
Potatoes,1416.18,134.9,5,14,452.87,-8.6,1
Wheat,2104.35,51.7,2,24,1302.68,-7.5,1
Tomatoes,2349.22,117.9,9,1,1676.01,-24.2,0
Mustard,6314.99,110.6,3,35,2105.67,15.9,2
Tomatoes,2820.34,77.4,10,5,1690.94,-9.0,2
Tomatoes,3040.68,14.3,9,2,2581.51,-1.9,0
Wheat,2424.84,64.0,1,43,1549.55,6.6,2
Wheat,2401.08,82.4,1,23,1708.71,5.5,1
Wheat,2083.49,139.2,2,38,769.99,-8.4,2
Onions,1926.75,131.7,5,9,945.76,-12.4,0
Tomatoes,3492.28,28.8,8,5,2469.72,12.7,2
Potatoes,1455.67,77.8,5,14,624.34,-6.1,1
Mustard,4581.07,138.5,3,9,3239.87,-15.9,0
Onions,2419.96,126.5,6,4,1542.78,10.0,0
Potatoes,1543.9,37.5,4,11,947.98,-0.4,0
Tomatoes,2815.67,87.3,10,6,1514.56,-9.2,2
Wheat,2057.02,123.3,2,5,1373.37,-9.6,0
Tomatoes,2425.83,110.1,9,2,1678.62,-21.7,0
Mustard,5457.68,98.9,2,25,3432.43,0.1,1
Onions,2339.24,9.5,6,22,464.97,6.3,2
Onions,2160.88,50.9,4,23,846.1,-1.8,2
Mustard,4870.12,47.9,1,7,4365.77,-10.6,0
Potatoes,1317.14,108.5,4,30,224.71,-15.0,2
Potatoes,1908.3,139.1,5,19,535.0,23.1,1
Onions,1829.91,85.2,5,6,1156.13,-16.8,0
Onions,2298.12,84.3,6,6,1468.28,4.5,0
Wheat,2420.92,109.4,2,39,1000.27,6.4,2
Potatoes,1634.99,80.7,5,12,793.05,5.5,0
Mustard,6205.69,19.2,2,30,3818.48,13.9,1
Potatoes,1643.68,7.5,5,9,1143.04,6.0,0
Wheat,1903.59,62.1,2,18,1243.48,-16.3,0
Onions,1702.55,79.9,5,19,562.85,-22.6,2
Onions,1918.03,76.2,4,22,725.36,-12.8,2
Wheat,2175.99,53.7,1,14,1731.99,-4.4,0
Mustard,5961.08,123.3,1,10,4969.79,9.4,0
Onions,2419.95,136.7,5,0,1756.4,10.0,0
Tomatoes,2899.74,62.4,9,2,2284.36,-6.5,0
Onions,2085.28,28.9,4,8,1511.1,-5.2,0
Tomatoes,2931.31,101.7,9,6,1632.56,-5.4,2
Wheat,2588.15,44.3,2,26,1607.88,13.8,1
Wheat,2933.03,143.0,1,42,1668.69,28.9,2
Onions,2329.73,107.2,4,18,1022.82,5.9,2
Potatoes,1430.77,11.5,3,22,805.23,-7.7,2
Tomatoes,2836.54,96.5,9,10,1078.96,-8.5,2
Mustard,5684.35,80.9,3,9,4363.14,4.3,0
Onions,1638.04,56.2,6,5,1108.95,-25.5,0
Mustard,5518.95,12.1,1,31,4343.48,1.3,1
Onions,2354.51,136.0,6,2,1573.35,7.0,0
Potatoes,1636.91,76.3,4,8,1018.74,5.6,0
Potatoes,1854.17,92.9,3,1,1373.85,19.6,0
Potatoes,1791.97,62.4,5,28,236.05,15.6,2
Potatoes,1560.94,124.3,5,21,359.04,0.7,2
Wheat,2005.36,127.6,1,27,1165.7,-11.9,1
Wheat,1478.75,30.5,2,11,1099.04,-35.0,0
Tomatoes,3120.58,141.4,8,6,1724.37,0.7,2
Mustard,7286.08,87.0,2,6,6262.94,33.7,0
Onions,2303.19,115.9,6,10,1110.77,4.7,0
Onions,2489.84,135.6,5,1,1774.95,13.2,0
Wheat,2451.93,90.2,2,11,1733.39,7.8,0
Onions,2572.21,54.5,5,1,2207.25,16.9,2
Wheat,2079.7,139.9,2,6,1307.14,-8.6,0
Tomatoes,3180.79,126.7,8,10,1324.45,2.6,2
Mustard,6140.05,109.0,2,16,4465.61,12.7,0
Tomatoes,2844.7,26.8,10,5,1838.9,-8.2,2
Potatoes,1377.14,46.9,5,21,421.26,-11.2,2
Potatoes,1426.62,35.2,5,4,1044.46,-8.0,0
Potatoes,1563.31,59.2,4,21,627.76,0.9,2
Tomatoes,4088.43,76.5,10,10,1464.96,31.9,2
Onions,1971.58,139.4,6,8,929.05,-10.4,0
Mustard,4947.56,56.7,3,21,2857.13,-9.2,1
Potatoes,1643.31,138.6,4,28,323.65,6.0,2
Potatoes,1452.47,82.3,4,11,775.06,-6.3,0
Potatoes,1727.55,42.0,3,11,1206.21,11.5,0
Mustard,5690.47,34.1,1,12,4985.27,4.4,0
Potatoes,1436.31,149.3,4,1,718.08,-7.3,0
Mustard,5936.7,76.0,3,9,4588.86,8.9,0
Potatoes,1744.26,135.4,3,1,1080.27,12.5,0
Tomatoes,4375.55,81.6,9,4,3073.94,41.1,2
Tomatoes,2402.28,103.6,9,1,1786.08,-22.5,0
Mustard,6176.16,18.2,3,2,5729.47,13.3,2
Tomatoes,3036.5,99.0,10,10,1012.11,-2.0,2
Mustard,5997.09,68.1,3,2,5370.15,10.0,0
Tomatoes,2438.38,76.7,10,1,1921.79,-21.3,0
Tomatoes,3526.56,143.5,10,0,2810.28,13.8,1
Mustard,4856.07,107.3,1,23,3686.0,-10.9,1
Onions,2088.54,11.6,6,22,411.25,-5.1,2
Tomatoes,3278.38,106.5,9,0,2733.56,5.8,1
Potatoes,1650.38,68.7,3,27,672.43,6.5,2
Onions,2505.4,15.2,6,7,1768.34,13.9,0
Mustard,6186.56,89.8,1,11,5285.25,13.5,0
Onions,2014.82,78.6,5,15,891.45,-8.4,1
Wheat,2719.83,22.5,2,23,1832.03,19.6,1
Wheat,2203.14,22.6,1,7,1938.49,-3.2,0
Tomatoes,3282.89,109.7,10,5,1906.51,5.9,2
Tomatoes,3508.11,34.3,10,4,2456.43,13.2,2
Potatoes,1388.92,113.0,3,9,714.51,-10.4,0
Onions,1867.97,121.9,6,12,728.21,-15.1,1
Wheat,2598.87,7.5,1,0,2501.89,14.2,2
Tomatoes,2937.13,107.4,8,8,1475.37,-5.3,2
Onions,1738.52,62.0,5,1,1382.01,-21.0,0
Tomatoes,3340.33,48.1,10,9,1406.25,7.8,2
Tomatoes,2687.76,86.3,10,10,898.26,-13.3,2
Wheat,2282.66,38.0,2,14,1671.49,0.3,0
Wheat,1814.98,90.7,2,28,910.03,-20.2,1
Tomatoes,3513.08,99.9,8,1,2849.59,13.3,1
Mustard,5061.45,55.4,3,21,2930.19,-7.1,1
Tomatoes,2809.54,57.5,10,1,2344.92,-9.4,0
Tomatoes,2918.36,103.9,9,1,2263.25,-5.9,0
Potatoes,1574.51,14.0,3,2,1406.5,1.6,0
Potatoes,1617.42,75.8,5,25,310.99,4.3,2
Potatoes,1645.17,143.9,5,4,848.95,6.1,0
Mustard,6118.06,110.4,3,33,2232.55,12.3,2
Mustard,4464.1,43.8,3,25,2297.74,-18.1,1
Tomatoes,3468.97,29.2,10,6,2063.61,11.9,2
Potatoes,1558.0,42.6,4,25,534.06,0.5,2
Mustard,6148.12,142.5,2,33,3251.88,12.8,2
Wheat,2213.6,141.2,1,14,1405.08,-2.7,0
Tomatoes,2866.58,98.3,10,3,1940.86,-7.5,2
Onions,2086.52,73.3,6,14,850.61,-5.2,1
Tomatoes,2918.99,93.1,10,4,1855.66,-5.8,2
Onions,2338.85,101.0,6,2,1705.27,6.3,0
Potatoes,1722.68,112.9,4,11,868.61,11.1,0
Onions,2298.42,121.3,4,2,1624.68,4.5,0
Potatoes,1581.19,40.4,5,8,1039.5,2.0,0
Wheat,2115.28,100.1,1,10,1525.17,-7.0,0
Onions,2509.89,47.7,4,15,1436.83,14.1,1
Tomatoes,2588.0,35.3,9,6,1571.32,-16.5,2
Potatoes,1670.14,18.5,4,6,1306.03,7.8,0
Tomatoes,3214.34,53.8,9,6,1965.78,3.7,2
Mustard,4518.06,70.2,2,32,2532.87,-17.1,2
Potatoes,1580.48,60.3,5,9,932.59,2.0,0
Onions,2287.02,93.3,6,24,273.21,4.0,2
Potatoes,1795.15,102.3,4,9,1018.34,15.8,0
Tomatoes,2827.47,100.3,10,5,1623.7,-8.8,2
Wheat,2506.34,119.5,2,5,1803.36,10.2,0
Potatoes,1468.5,52.1,3,14,901.1,-5.3,1
Onions,2268.61,125.7,5,24,464.12,3.1,2
Mustard,4418.8,78.9,1,40,3021.28,-18.9,2
Wheat,2044.0,105.8,1,3,1499.53,-10.2,0
Mustard,4809.58,85.4,2,45,1991.38,-11.8,2
Potatoes,1455.59,87.2,3,1,1015.46,-6.1,0
Tomatoes,3123.37,8.5,9,8,1709.62,0.8,2
Tomatoes,2807.91,144.5,8,10,1092.78,-9.4,2
Onions,1978.73,124.3,6,0,1379.81,-10.1,0
Tomatoes,3160.28,56.1,8,3,2435.0,1.9,2
Wheat,2632.29,14.5,1,15,2268.31,15.7,1
Tomatoes,2854.1,118.1,9,3,1898.55,-7.9,2
Onions,2411.0,18.0,4,24,956.03,9.6,2
Potatoes,1527.96,82.1,5,16,586.53,-1.4,1
Potatoes,1812.98,96.5,5,9,980.0,17.0,0
Tomatoes,2733.45,24.9,8,7,1679.51,-11.8,2
Mustard,4890.45,10.6,2,34,2799.59,-10.3,2
Potatoes,1549.5,56.2,4,13,870.74,-0.0,1
Tomatoes,3017.26,109.5,10,8,1281.37,-2.7,2
Onions,1962.1,83.8,5,25,386.44,-10.8,2
Tomatoes,2830.19,121.1,9,3,1867.6,-8.7,2
Potatoes,1386.3,26.4,4,18,681.7,-10.6,1
Onions,1746.68,37.3,6,4,1273.68,-20.6,0
Tomatoes,3762.68,143.1,8,4,2459.13,21.4,2
Wheat,2429.68,136.4,1,26,1491.59,6.8,1
Onions,1929.36,26.1,5,15,953.8,-12.3,1
Wheat,1977.44,143.2,2,37,719.18,-13.1,2
Mustard,5028.91,93.6,3,18,3046.82,-7.7,0
Onions,2493.34,106.1,6,11,1187.48,13.3,1
Wheat,2490.77,96.9,2,36,1138.79,9.5,2
Potatoes,1581.55,101.8,4,30,305.71,2.0,2
Potatoes,1269.87,44.3,5,4,919.71,-18.1,1
Mustard,5176.79,101.5,2,12,3951.73,-5.0,0
Onions,2047.31,115.4,6,18,523.45,-6.9,2
Onions,2763.66,49.4,5,2,2336.92,25.6,2
Onions,1997.52,52.9,5,16,894.15,-9.2,1
Mustard,5420.35,26.6,3,4,4781.37,-0.5,0
Onions,2227.6,82.3,5,13,1105.75,1.3,1
Potatoes,1523.09,84.4,4,16,685.5,-1.7,1
Wheat,2526.36,59.7,2,38,1200.71,11.0,2
Potatoes,1603.53,59.7,3,12,1021.4,3.5,0
Potatoes,1520.45,114.0,5,6,801.17,-1.9,0
Wheat,2562.35,39.9,1,27,1903.69,12.6,1
Potatoes,1403.97,29.7,4,1,1168.95,-9.4,0
Mustard,5525.14,136.0,3,14,3592.37,1.4,0
Wheat,2484.56,110.7,2,12,1657.83,9.2,0
Potatoes,1687.74,63.6,5,21,506.08,8.9,2
Tomatoes,2382.56,16.4,9,9,1149.57,-23.1,2
Potatoes,1618.0,92.9,4,2,1111.55,4.4,0
Mustard,5686.69,145.0,3,24,2794.82,4.3,1
Onions,1877.3,87.0,6,21,353.37,-14.7,2
Potatoes,1661.34,145.6,5,8,739.41,7.2,0
Onions,2394.98,100.2,5,10,1327.33,8.9,0
Tomatoes,3238.65,14.4,10,6,1975.99,4.5,2
Potatoes,1307.41,59.0,3,9,851.21,-15.7,0
Wheat,2164.38,31.4,2,26,1329.69,-4.9,1
Onions,2616.63,42.7,5,22,806.53,18.9,2
Tomatoes,3220.57,67.8,9,10,1311.49,3.9,2
Wheat,2274.27,39.7,2,9,1775.6,-0.0,0
Wheat,2208.56,85.9,2,4,1692.5,-2.9,0
Wheat,2331.35,67.7,1,16,1789.99,2.5,0
Wheat,2493.01,47.8,2,41,1131.85,9.6,2
Potatoes,1493.79,141.2,3,6,739.03,-3.6,0
Potatoes,1976.28,87.3,4,27,543.45,27.5,2
Potatoes,1768.34,26.0,4,2,1501.28,14.1,2
Tomatoes,3624.31,9.3,10,4,2656.98,16.9,2
Tomatoes,3107.15,56.1,8,7,1854.26,0.2,2
Tomatoes,3437.6,136.2,10,4,2094.52,10.9,2
Mustard,6163.02,91.5,1,11,5256.56,13.1,0
Tomatoes,3195.24,96.9,8,2,2436.54,3.1,0
Potatoes,1484.71,27.5,3,19,848.83,-4.2,1
Potatoes,1813.99,123.7,4,25,488.42,17.0,2
Mustard,6005.55,138.1,2,32,3242.62,10.2,2
Mustard,4680.44,145.2,3,2,3791.83,-14.1,0
Tomatoes,3334.02,6.0,8,10,1680.3,7.5,2
Onions,2116.59,123.2,5,17,744.73,-3.8,1
Mustard,3998.13,12.7,3,21,2389.7,-26.6,1
Wheat,2451.56,114.7,2,6,1750.56,7.8,0
Potatoes,1436.23,53.3,3,18,789.34,-7.3,1
Wheat,2262.39,76.8,2,20,1422.37,-0.6,1
Potatoes,1329.41,21.0,3,18,795.53,-14.2,1
Potatoes,1679.9,114.2,3,29,541.29,8.4,2
Mustard,6180.5,21.0,3,24,3368.75,13.4,1
Mustard,5489.18,28.6,1,10,4895.33,0.7,0
Wheat,2500.83,96.1,1,31,1642.95,9.9,1
Potatoes,1381.93,131.4,4,17,451.69,-10.8,1
Wheat,2586.88,107.5,2,8,1854.46,13.7,0
Onions,2382.12,84.3,6,6,1532.82,8.3,0
Wheat,2160.13,121.9,2,19,1210.79,-5.0,1
Tomatoes,3807.11,140.4,9,2,2764.46,22.8,1
Wheat,2368.06,38.3,1,22,1814.9,4.1,1
Tomatoes,2172.72,65.8,10,5,1283.22,-29.9,2
Tomatoes,3424.73,142.3,9,0,2715.89,10.5,1
Tomatoes,3316.76,26.1,8,9,1757.29,7.0,2
Onions,1848.27,59.8,6,7,1153.57,-16.0,0
Wheat,2228.88,147.6,1,18,1355.93,-2.0,0
Wheat,2240.8,80.7,2,44,865.1,-1.5,2
Onions,1983.3,134.0,6,1,1292.37,-9.9,0
Potatoes,1631.98,106.5,3,14,837.83,5.3,1
Mustard,6420.05,48.7,1,8,5781.02,17.8,2
Wheat,1563.68,139.8,2,37,502.24,-31.3,2
Mustard,3636.56,43.5,2,35,1953.49,-33.3,2
Onions,2746.55,140.5,6,2,1911.09,24.8,1
Potatoes,1584.15,138.5,4,25,371.69,2.2,2
Potatoes,1418.08,74.7,5,11,705.89,-8.5,0
Potatoes,1294.66,135.8,4,13,452.47,-16.5,1
Onions,2398.51,64.0,4,17,1221.02,9.0,1
Tomatoes,3684.18,25.1,10,0,3459.9,18.8,2
Tomatoes,2788.0,31.9,9,6,1717.61,-10.1,2
Mustard,5465.29,136.1,1,10,4458.92,0.3,0
Tomatoes,3482.12,96.9,10,0,2976.43,12.3,1
Tomatoes,3211.8,25.1,8,7,1989.98,3.6,2
Potatoes,1134.02,17.9,4,10,762.99,-26.8,0
Potatoes,1577.34,76.6,3,4,1114.61,1.8,0
Mustard,6193.64,62.0,2,30,3706.09,13.6,1
Wheat,2402.88,56.5,2,10,1848.5,5.6,0
Mustard,4894.18,94.5,1,15,3977.65,-10.2,0
Mustard,5835.33,26.8,3,3,5257.7,7.1,0
Onions,2464.96,93.4,4,0,1995.36,12.0,0
Onions,2272.7,70.0,5,11,1281.2,3.3,1
Mustard,5132.03,39.1,3,7,4190.65,-5.8,0
Mustard,5992.63,51.5,1,14,5167.18,10.0,1
Mustard,4613.98,98.0,3,24,2317.84,-15.3,1
Tomatoes,3362.66,28.0,8,9,1776.37,8.5,2
Onions,2453.24,123.0,4,21,917.93,11.5,2
Mustard,5704.7,107.4,3,24,2900.95,4.7,1
Potatoes,1460.19,71.0,3,24,631.32,-5.8,2
Potatoes,1805.28,96.7,5,12,853.78,16.5,0
Tomatoes,2812.98,93.2,9,0,2337.32,-9.3,0
Tomatoes,3303.68,142.8,9,10,1193.7,6.6,2
Wheat,2310.93,72.9,1,10,1820.46,1.6,0
Wheat,2234.32,69.5,2,19,1448.95,-1.8,1
Wheat,1929.66,79.0,1,36,1203.88,-15.2,2
Tomatoes,3591.74,30.2,10,1,3138.38,15.9,2
Tomatoes,3082.49,144.0,10,4,1803.36,-0.6,2
Tomatoes,3246.91,55.4,10,10,1173.07,4.7,2
Potatoes,1267.32,148.4,3,25,315.8,-18.2,2
Tomatoes,3001.31,33.9,9,1,2590.04,-3.2,0
Potatoes,1604.65,132.3,3,19,643.0,3.5,1
Wheat,2644.48,103.7,1,19,1882.7,16.2,1
Wheat,2326.07,60.3,2,15,1646.72,2.2,0
Wheat,2430.6,36.1,1,2,2139.4,6.8,0
Mustard,5438.46,55.9,1,4,4956.27,-0.2,0
Mustard,5510.5,142.8,3,19,3130.56,1.1,1
Onions,2705.97,13.7,4,25,1027.86,23.0,1
Onions,1943.74,14.1,6,5,1492.62,-11.6,0
Onions,2268.71,131.8,4,23,730.35,3.1,2
Mustard,5168.82,60.3,1,35,3787.33,-5.2,2
Mustard,6383.96,132.6,3,20,3622.13,17.1,1
Onions,2229.13,111.5,6,6,1319.31,1.3,0
Onions,2492.47,52.4,6,4,1889.04,13.3,1
Tomatoes,2749.15,135.6,9,1,1971.43,-11.3,0
Onions,2046.68,79.6,6,6,1291.68,-7.0,0
Tomatoes,4022.8,94.1,8,10,1829.82,29.8,2
Potatoes,1457.56,100.4,5,8,742.22,-6.0,0
Mustard,5782.93,87.6,2,7,4830.13,6.1,0
Onions,2514.16,33.0,5,5,1926.0,14.3,1
Mustard,6066.26,142.1,1,27,4446.0,11.3,1
Mustard,6073.75,49.1,1,4,5593.77,11.4,2
Mustard,6375.72,63.7,1,16,5389.25,17.0,1
Potatoes,1282.83,125.4,3,12,543.21,-17.2,0
Wheat,2449.2,118.1,2,27,1263.29,7.7,1
Onions,2197.16,107.7,5,12,1067.88,-0.1,1
Wheat,2628.21,31.8,1,41,1798.17,15.5,2
Wheat,2063.29,7.6,1,34,1573.23,-9.3,2
Wheat,1915.24,21.2,2,11,1518.77,-15.8,0
Mustard,5890.07,72.7,2,13,4595.68,8.1,0
Tomatoes,3082.81,136.9,9,7,1495.97,-0.6,2
Mustard,5172.74,117.0,2,10,3997.65,-5.1,0
Mustard,4508.16,43.6,2,1,4171.14,-17.3,0
Wheat,2219.24,43.8,1,41,1491.23,-2.5,2
Mustard,4326.11,146.2,1,23,3087.41,-20.6,1
Wheat,2020.06,128.1,1,45,1024.34,-11.2,2
Tomatoes,2832.7,39.1,8,2,2297.47,-8.6,0
Onions,2683.68,36.6,4,18,1369.11,22.0,2
Wheat,2092.65,99.7,2,11,1390.66,-8.0,1
Tomatoes,2891.06,38.9,9,10,1195.93,-6.7,2
Onions,2389.14,119.3,5,24,505.26,8.6,1
Potatoes,1629.51,129.6,4,1,989.39,5.1,2
Wheat,2549.32,56.3,2,31,1409.85,12.1,1
Wheat,2159.4,122.3,2,21,1171.26,-5.1,1
Potatoes,1761.84,106.6,4,13,857.87,13.7,1
Potatoes,1135.98,149.8,4,18,249.44,-26.7,1
Wheat,2311.51,16.8,1,33,1735.91,1.6,2
Potatoes,1196.73,143.8,3,6,468.92,-22.8,0
Mustard,4478.27,111.1,2,43,1882.16,-17.8,2
Onions,2317.41,65.8,4,2,1880.16,5.3,0
Onions,2074.98,22.3,5,16,987.83,-5.7,1
Onions,1946.97,52.0,6,9,1131.64,-11.5,0
Mustard,4784.4,141.5,3,27,2082.71,-12.2,1
Potatoes,1617.66,131.5,4,28,325.89,4.4,2
Tomatoes,3396.97,13.3,9,2,2898.31,9.6,1
Potatoes,1506.1,140.0,4,20,439.91,-2.8,1
Wheat,1998.15,22.5,2,20,1385.62,-12.2,1
Onions,1988.23,122.3,4,17,827.68,-9.6,1
Potatoes,1567.31,13.0,5,23,451.97,1.1,2
Tomatoes,3351.31,118.4,10,8,1430.77,8.1,2
Wheat,2305.04,128.8,1,0,1679.34,1.3,0
Mustard,6519.32,126.9,3,13,4456.5,19.6,0
Mustard,4603.11,72.6,1,23,3606.91,-15.5,1
Tomatoes,3642.71,62.2,9,3,2756.98,17.5,2
Wheat,1836.44,88.2,1,22,1217.64,-19.3,1
Onions,2071.09,14.8,4,3,1801.13,-5.9,0
Potatoes,1632.07,114.5,3,8,928.06,5.3,0
Wheat,2226.41,40.6,1,25,1699.3,-2.1,0
Mustard,5337.03,73.0,1,35,3872.41,-2.1,2
Tomatoes,2986.07,11.9,8,9,1621.61,-3.7,2
Tomatoes,2579.44,111.4,9,0,2026.55,-16.8,0
Potatoes,1583.75,68.6,3,2,1198.61,2.2,0
Tomatoes,3093.02,100.3,9,7,1604.64,-0.2,2
Tomatoes,2681.85,5.6,8,10,1349.2,-13.5,2
Wheat,1812.02,62.1,1,18,1334.73,-20.4,0
Onions,2530.49,106.0,5,19,861.24,15.0,2
Potatoes,1820.7,32.5,3,7,1389.04,17.5,0
Wheat,2734.43,85.5,1,28,1909.43,20.2,1
Onions,1952.41,145.3,4,7,1047.91,-11.3,0
Wheat,2173.17,148.7,2,10,1285.29,-4.5,0
Wheat,2546.36,132.0,1,29,1570.58,11.9,1
Tomatoes,3124.5,18.9,8,10,1533.28,0.8,2
Onions,2168.24,105.2,5,4,1453.3,-1.4,0
Potatoes,1734.29,108.1,4,10,922.0,11.9,0
Potatoes,1897.03,41.7,3,1,1641.35,22.4,2
Onions,2114.85,84.3,5,23,524.89,-3.9,2
Tomatoes,3431.62,127.5,10,4,2119.82,10.7,2
Mustard,5740.42,122.4,2,20,3856.86,5.3,1
Wheat,2479.28,24.0,1,39,1750.84,9.0,2
Tomatoes,3219.76,69.2,8,6,2024.9,3.9,2
Onions,1998.16,131.0,4,25,547.48,-9.2,2
Wheat,2451.33,135.7,1,35,1415.41,7.8,2
Potatoes,1612.65,131.0,5,19,426.09,4.0,1
Mustard,6159.04,103.3,3,44,1158.77,13.0,2
Potatoes,1502.27,140.5,5,30,126.0,-3.1,2
Onions,1904.07,116.4,4,19,730.15,-13.5,2
Wheat,2568.99,147.2,1,15,1688.24,12.9,0
Onions,2107.59,67.9,4,15,1126.33,-4.2,1
Wheat,1884.35,50.5,2,24,1153.02,-17.2,1
Tomatoes,3086.62,95.3,10,1,2440.28,-0.4,0
Mustard,5396.76,33.0,1,18,4541.02,-1.0,0
Tomatoes,3418.74,129.4,10,5,1937.65,10.3,2
Tomatoes,3312.61,146.0,9,7,1610.58,6.9,2
Onions,2566.39,149.3,4,6,1577.79,16.7,0
Mustard,4177.81,76.8,2,41,1904.32,-23.3,2
Wheat,1872.0,113.6,1,7,1267.78,-17.7,0
Wheat,2194.07,38.0,2,39,1022.6,-3.6,2
Potatoes,1687.77,77.0,3,20,836.81,8.9,1
Wheat,2674.73,52.4,1,23,2056.25,17.6,1
Onions,2512.77,67.7,4,4,1950.71,14.2,0
Tomatoes,3493.22,67.7,10,4,2370.22,12.7,2
Tomatoes,2841.15,118.6,8,6,1602.45,-8.3,2
Tomatoes,2590.75,147.6,8,6,1334.81,-16.4,2
Mustard,5658.05,105.0,1,35,4007.19,3.8,2
Wheat,2456.38,123.6,2,5,1739.99,8.0,0
Onions,2422.65,138.3,4,17,1037.09,10.1,1
Mustard,5674.82,148.3,3,0,4893.97,4.1,0
Potatoes,2017.34,58.4,5,4,1508.49,30.2,1
Onions,2627.17,39.8,4,0,2335.83,19.4,2
Onions,2726.25,102.2,4,18,1256.32,23.9,2
Onions,1903.44,100.5,6,25,211.97,-13.5,2
Tomatoes,2902.84,84.8,8,2,2226.72,-6.4,0
Onions,2036.84,101.9,4,17,910.23,-7.4,1
Wheat,2460.51,12.6,1,5,2265.63,8.2,0
Onions,2453.53,58.4,5,10,1499.16,11.5,0
Tomatoes,3284.52,103.6,10,10,1101.05,6.0,2
Onions,2378.05,55.7,4,22,981.68,8.1,2
Potatoes,1433.1,20.2,5,0,1283.24,-7.5,0
Potatoes,1706.41,26.4,3,11,1214.13,10.1,0
Tomatoes,2475.25,139.3,10,5,1259.23,-20.2,2
Wheat,2203.59,86.3,2,7,1622.39,-3.1,0
Wheat,2180.88,102.3,2,38,912.24,-4.1,2
Mustard,6134.51,26.0,3,21,3642.32,12.6,1
Tomatoes,2816.56,66.6,10,0,2460.53,-9.1,0
Onions,1925.96,39.1,4,5,1454.5,-12.5,0
Tomatoes,3163.21,27.6,9,7,1825.16,2.0,2
Mustard,6678.36,117.1,2,4,5728.99,22.5,2
Tomatoes,3266.05,142.8,9,6,1729.3,5.4,2
Tomatoes,3551.26,13.2,9,4,2666.41,14.6,2
Mustard,5212.63,10.8,3,3,4771.22,-4.4,0
Wheat,2403.55,71.9,1,23,1751.52,5.7,1
Onions,2460.79,113.1,6,23,327.25,11.9,2
Mustard,6641.89,131.2,2,26,4072.03,21.9,1
Potatoes,1373.9,74.5,4,4,914.1,-11.4,0
Wheat,2221.24,52.1,1,16,1755.9,-2.4,0
Potatoes,1377.59,99.3,3,19,594.3,-11.1,1
Wheat,1941.16,120.6,1,25,1155.69,-14.7,1
Onions,1986.79,111.9,4,16,889.2,-9.7,1
Onions,1881.29,50.5,5,3,1470.94,-14.5,0
Tomatoes,3639.15,64.2,9,7,2038.58,17.4,2
Potatoes,1706.1,35.2,5,22,496.66,10.1,2
Wheat,1672.14,122.5,2,15,891.71,-26.5,0
Onions,2410.32,128.9,6,23,306.51,9.6,2
Mustard,5919.61,43.8,3,32,2376.15,8.6,2
Onions,2245.42,139.3,4,6,1347.05,2.1,0
Mustard,5065.21,27.6,3,12,3761.87,-7.1,0
Wheat,2059.16,96.4,1,39,1213.48,-9.5,2
Onions,2125.47,141.5,4,4,1307.37,-3.4,0
Onions,2552.47,126.8,5,13,1177.8,16.0,1
Wheat,2531.24,35.0,2,43,1098.98,11.3,2
Onions,2523.03,90.4,5,14,1198.15,14.7,1
Mustard,6323.06,144.4,1,37,4315.41,16.0,2
Onions,2115.94,115.5,4,25,621.55,-3.8,2
Potatoes,1552.98,28.9,5,21,498.95,0.2,2
Tomatoes,3512.33,42.6,9,2,2899.34,13.3,1
Mustard,4712.79,87.9,2,27,2854.74,-13.5,1
Potatoes,1300.54,86.8,5,18,406.61,-16.1,1
Wheat,2558.2,145.2,1,1,1842.51,12.4,0
Mustard,5886.3,6.8,1,0,5727.77,8.0,0
Tomatoes,2828.2,133.3,8,7,1442.07,-8.8,2
Tomatoes,2566.34,91.8,10,2,1849.68,-17.2,0
Wheat,1880.73,28.7,2,33,1009.23,-17.3,2
Wheat,2255.28,57.7,1,38,1505.8,-0.9,2
Mustard,4893.76,27.3,2,7,4242.99,-10.2,0
Onions,2028.89,25.8,4,19,997.43,-7.8,2
Wheat,1753.12,27.8,1,33,1244.11,-22.9,2
Onions,2143.91,14.1,4,22,951.76,-2.5,2
Potatoes,1596.58,73.0,5,20,494.46,3.0,1
Tomatoes,3299.31,43.4,8,7,2017.25,6.4,2
Onions,2137.95,24.8,4,24,825.27,-2.8,2
Tomatoes,2879.29,97.0,10,5,1669.64,-7.1,2
Onions,2318.72,88.5,6,19,592.21,5.4,2
Potatoes,1595.52,132.9,5,12,617.96,2.9,0
Wheat,2721.51,49.3,2,36,1388.89,19.6,2
Potatoes,1555.22,132.9,4,11,681.58,0.3,0
Wheat,1951.87,133.9,2,9,1168.77,-14.2,0
Wheat,1907.18,145.3,2,33,733.97,-16.2,2
Tomatoes,2975.7,129.7,8,6,1660.77,-4.0,2
Potatoes,1636.28,147.3,3,30,432.72,5.6,2
Onions,1955.75,121.1,4,16,844.96,-11.1,1
Potatoes,1292.06,109.0,5,9,566.27,-16.6,0
Tomatoes,2897.99,53.1,8,0,2601.08,-6.5,0
Wheat,2222.24,50.4,2,32,1201.81,-2.3,2
Tomatoes,3206.7,147.1,10,0,2480.62,3.4,0
Mustard,5734.18,140.4,3,34,1935.23,5.2,2
Mustard,5197.92,45.8,3,7,4271.99,-4.6,0
Onions,1788.16,77.3,6,0,1404.55,-18.7,0
Tomatoes,3507.1,68.5,10,5,2190.1,13.1,2
Onions,2205.65,132.9,6,25,234.52,0.3,2
Onions,2512.59,149.2,6,0,1790.94,14.2,0
Mustard,5624.65,40.4,2,30,3411.43,3.2,1
Onions,2326.5,25.1,4,19,1158.38,5.8,2
Mustard,5515.88,114.8,1,3,4800.96,1.2,0
Wheat,2869.47,24.9,1,45,1943.76,26.1,2
Tomatoes,3765.48,77.8,9,4,2618.62,21.5,2
Onions,2516.16,128.0,5,4,1663.06,14.4,0
Mustard,5837.4,115.3,1,35,4109.42,7.1,2
Potatoes,1392.3,72.7,5,15,570.52,-10.2,1
Onions,1686.87,111.7,6,15,529.22,-23.3,1
Wheat,2420.09,118.4,1,43,1364.46,6.4,2
Wheat,2732.07,53.0,1,20,2146.26,20.1,1
Potatoes,1678.63,125.9,3,23,632.01,8.3,2
Mustard,4456.95,81.9,3,16,2847.47,-18.2,0
Onions,2636.11,76.7,4,20,1163.88,19.8,2
Mustard,6489.57,36.9,2,21,4591.51,19.1,1
Wheat,2653.22,111.2,1,11,1961.17,16.6,0
Mustard,5028.41,57.8,3,37,1559.03,-7.7,2
Wheat,1762.62,113.4,1,44,895.76,-22.5,2
Mustard,5133.54,100.4,1,13,4221.9,-5.8,0
Potatoes,1552.23,113.7,5,9,736.96,0.1,0
Tomatoes,3259.99,78.6,9,7,1767.16,5.2,2
Potatoes,1400.49,143.7,4,12,516.79,-9.6,0
Potatoes,1639.82,95.4,5,20,471.09,5.8,1
Tomatoes,3335.11,141.8,10,2,2314.67,7.6,0
Tomatoes,3940.45,22.8,9,8,2115.71,27.1,2
Onions,2415.11,145.1,6,17,664.98,9.8,1
Onions,2447.78,100.8,5,11,1303.3,11.3,1
Potatoes,1403.2,68.8,5,21,394.25,-9.5,2
Potatoes,1497.89,59.6,3,20,767.83,-3.4,1
Wheat,2417.45,12.8,1,19,2030.98,6.3,1
Wheat,2451.06,138.7,1,30,1457.87,7.7,1
Onions,2082.36,5.3,6,12,1141.06,-5.3,1
Onions,2702.19,113.1,6,1,2062.19,22.8,1
Wheat,2119.0,53.7,1,25,1559.72,-6.9,1
Wheat,2389.54,134.3,2,24,1237.03,5.0,1
Mustard,5367.82,56.2,1,20,4406.66,-1.5,1
Mustard,5462.56,120.8,1,39,3684.24,0.2,2
Wheat,1860.79,94.3,2,26,962.67,-18.2,1
Mustard,4313.09,133.9,2,35,2102.08,-20.9,2
Tomatoes,2966.66,78.0,8,1,2433.62,-4.3,0
Onions,2423.6,49.9,4,19,1169.91,10.2,2
Onions,2233.6,72.5,5,5,1583.28,1.5,0
